fips,name,state,state_full,twitter,population,twitterYN,twitterNotes,twitter_active_COVID,twitter_active_last60,facebookYN,facebookNotes,notes,district,id,conversation_id,created_at,tweet_date,time,timezone,user_id,twitter_display_name,place,tweet,language,mentions,urls,photos,replies_count,retweets_count,likes_count,hashtags,cashtags,link,retweet,quote_url,video,thumbnail,near,geo,source,user_rt_id,user_rt,retweet_id,reply_to,retweet_date,translate,trans_src,trans_dest,filename,total_tweets,tweets_COVID,tweets_last60,mean_likes,mean_retweets,mean_replies,socmed
99901,Tri-County Health Department - Colorado,Colorado,Colorado,tchdhealth,1538085,1,NA,NA,NA,1,NA,NA,Tri-County Health Department - Colorado,14657e14,14657e14,2021-11-30 10:30:12 Eastern Standard Time,11/30/2021,10:30:12,-500,2290292576,Tri-County Health,"Adams County, Arapahoe County, Douglas County","Local businesses - join our upcoming webinar via Zoom to get the latest information about COVID-19 mitigation measures and updates about employee vaccines in the workplace. Register for this webinar happening Tuesday, Dec. 7 at 3 p.m. at  https://t.co/DUYfZRr5nK.  https://t.co/MEKY2a7nN9",en,[],['http://bit.ly/TCHDBusinessWebinar'],['https://pbs.twimg.com/media/FFc6rgXVUAg3T0X.jpg'],4,1,0,[],[],https://twitter.com/TCHDHealth/status/1465704724355637248,FALSE,NA,1,https://pbs.twimg.com/media/FFc6rgXVUAg3T0X.jpg,NA,NA,NA,NA,NA,NA,[],NA,NA,NA,NA,Adams County_Colorado.csv,66,66,66,3.0303030303030303,1.3484848484848484,5.681818181818182,Both Facebook and Twitter
99902,San Juan Basin Public Health - Colorado,Colorado,Colorado,sjbpublichealth,70760,1,NA,NA,NA,1,NA,NA,San Juan Basin Public Health - Colorado,146571e13,146571e13,2021-11-30 10:54:03 Eastern Standard Time,11/30/2021,10:54:03,-500,702589e12,SJBPublicHealth,"La Plata County, Archuleta County",All Coloradans 18+ should get a COVID vaccine booster dose six months after receiving either Pfizer or Moderna and two months after receiving the J&amp;J vaccine. More information ðŸ‘‰  https://t.co/UHam0METPG,en,[],['http://sjbpublichealth.org/covid-19-vaccine'],[],0,0,1,[],[],https://twitter.com/SJBPublicHealth/status/1465710727809798149,FALSE,NA,0,NA,NA,NA,NA,NA,NA,NA,[],NA,NA,NA,NA,Archuleta County_Colorado.csv,100,100,100,0.72,0.66,0.4,Both Facebook and Twitter
99903,Northeast Colorado Health Department,Colorado,Colorado,northeasthealth,72464,1,NA,NA,NA,1,NA,NA,Northeast Colorado Health Department,146576e13,146576e13,2021-11-30 13:55:02 Eastern Standard Time,11/30/2021,13:55:02,-500,47454805,Northeast CO Health,"Yuma County, Logan County, Sedgwick County, Washington County, Morgan County, Phillips County","FREE COVID-19 TESTING IN FORT MORGAN TOMORROW!  Free and open to anyone, regardless of symptoms. Language support available.   9 am â€“ 12:30 pm  Community Hospital Association Building  931 Lincoln Street Fort Morgan, CO   Register here:  https://t.co/4awZweEYfL  https://t.co/H8YLTrsQxY",en,[],['https://www.primarybio.com/l/cdphe'],['https://pbs.twimg.com/media/FFdpkAaXsAE8pQs.jpg'],0,0,0,[],[],https://twitter.com/NortheastHealth/status/1465756272888799235,FALSE,NA,1,https://pbs.twimg.com/media/FFdpkAaXsAE8pQs.jpg,NA,NA,NA,NA,NA,NA,[],NA,NA,NA,NA,Logan County_Colorado.csv,445,445,445,0.14157303370786517,0.20674157303370783,0,Both Facebook and Twitter
99904,Emerald Coast Health Department - Florida,Florida,Florida,flhealthemerald,573281,1,NA,NA,NA,1,NA,NA,Emerald Coast Health Department - Florida,146433e13,146433e13,2021-11-26 15:41:00 Eastern Standard Time,11/26/2021,15:41:00,-500,753315e12,FL Health Emerald,"Santa Rosa County, Bay County, Okaloosa County",PrEP gives you the freedom to take control of your sexual health and prevent #HIV:  https://t.co/h3fAZuGK1T #StopHIVTogether  https://t.co/rwzd5LjdGL,en,[],['http://cdc.gov/StopHIVTogether/Prevention'],['https://pbs.twimg.com/media/FCFc3xVVcAMc1Dg.jpg'],0,0,0,"['hiv', 'stophivtogether']",[],https://twitter.com/FLHealthEmerald/status/1464333387439636480,FALSE,NA,1,https://pbs.twimg.com/media/FCFc3xVVcAMc1Dg.jpg,NA,NA,NA,NA,NA,NA,[],NA,NA,NA,NA,Bay County_Florida.csv,38,38,38,0.13157894736842105,0.10526315789473684,0,Both Facebook and Twitter
99905,Southeast Health District - Georgia,Georgia,Georgia,sehdph,375570,1,NA,NA,NA,1,NA,NA,Southeast Health District - Georgia,147e16,147e16,2021-11-29 10:01:39 Eastern Standard Time,11/29/2021,10:01:39,-500,313344456,Southeast Health District,"Toombs County, Appling County, Wayne County, Brantley County, Bulloch County, Charlton County, Pierce County, Tattnall County, Jeff Davis County, Evans County, Atkinson County, Clinch County, Coffee County, Ware County, Candler County, Bacon County","Wednesday is World AIDS Day. This years theme is â€œEquitable Access, Everyoneâ€™s Voiceâ€. STD and HIV testing is available across the Southeast Health District. For more information or to find your nearest health department, visit  https://t.co/vga53XsKh0 #WAD2021 #StopHIVTogether  https://t.co/QFnavWJbU3",en,[],['http://ow.ly/VKcI50GTSs0'],['https://pbs.twimg.com/media/FFXqjjJXIAcVyJD.jpg'],0,0,0,"['wad2021', 'stophivtogether']",[],https://twitter.com/sehdph/status/1465335152112975881,FALSE,NA,1,https://pbs.twimg.com/media/FFXqjjJXIAcVyJD.jpg,NA,NA,NA,NA,NA,NA,[],NA,NA,NA,NA,Appling County_Georgia.csv,424,424,333,0.0330188679245283,0.06839622641509434,0.02358490566037736,Twitter but no Facebook
99906,North Central Health District - Georgia,Georgia,Georgia,nchd52,537518,1,NA,NA,NA,1,NA,NA,North Central Health District - Georgia,14654e14,14654e14,2021-11-29 14:01:08 Eastern Standard Time,11/29/2021,14:01:08,-500,354067553,North Central DPH,"Twiggs County, Wilkinson County, Washington County, Houston County, Baldwin County, Bibb County, Hancock County, Crawford County, Peach County, Putnam County, Monroe County, Jones County, Jasper County",Every voice and every action can help end the HIV epidemic. Take control of your health this World AIDS Day with an HIV self-test!    https://t.co/Z1cuDxijy4   #WAD2021 #StopHIVTogether  https://t.co/sucGec23Dj,en,[],['http://ow.ly/9sHY50GO7ke'],['https://pbs.twimg.com/media/FFYhXiGXMAIEd5o.jpg'],0,0,0,"['wad2021', 'stophivtogether']",[],https://twitter.com/NCHD52/status/1465395418829889545,FALSE,NA,1,https://pbs.twimg.com/media/FFYhXiGXMAIEd5o.jpg,NA,NA,NA,NA,NA,NA,[],NA,NA,NA,NA,Baldwin County_Georgia.csv,414,414,342,0.3864734299516908,0.15942028985507245,0.06763285024154589,Both Facebook and Twitter
99907,Northeast Health District (Georgia Public Health District 10),Georgia,Georgia,nehealthdept,531229,1,NA,NA,NA,1,NA,NA,Northeast Health District (Georgia Public Health District 10),104872e13,104872e13,2018-10-06 19:30:09 Eastern Daylight Time,10/6/2018,19:30:09,-500,2255483023,Northeast Health,"Oglethorpe County, Elbert County, Jackson County, Greene County, Madison County, Barrow County, Oconee County, Morgan County, Walton County, Clarke County","HOLIDAY CLOSING: All Northeast Health District Health Departments and Offices will be CLOSED on Monday, October 8th in observance of Columbus Day. Regular operating hours resume on Tuesday, October 9th. Have a Safe Holiday!  https://t.co/LURB6dzk1k",en,[],[],['https://pbs.twimg.com/media/Do3Knz1XsAARO-I.jpg'],0,0,0,[],[],https://twitter.com/NEHealthDept/status/1048717075433361410,FALSE,NA,1,https://pbs.twimg.com/media/Do3Knz1XsAARO-I.jpg,NA,NA,NA,NA,NA,NA,[],NA,NA,NA,NA,Clarke County_Georgia.csv,260,0,0,0.14615384615384616,0.06153846153846154,0.01153846153846153,Twitter but no Facebook
99908,Georgia Coastal Health District,Georgia,Georgia,coastalhealth91,634501,1,NA,NA,NA,0,NA,NA,Georgia Coastal Health District,146577e13,146577e13,2021-11-30 15:01:33 Eastern Standard Time,11/30/2021,15:01:33,-500,550096463,coastalhealth91,"Bryan County, Glynn County, Chatham County, Effingham County, Long County, McIntosh County, Liberty County, Camden County","December 1st, is a time to promote awareness of HIV/AIDS, remember those we've lost to the virus, and reaffirm our commitment to end the HIV epidemic. About 13% of people with HIV in the U.S. donâ€™t know it. #GetTested and if positive for #HIV, get into treatment. #KnowYourStatus  https://t.co/8sV3a47mqw",en,[],[],['https://pbs.twimg.com/media/FFd4yRhWUA4tnU9.jpg'],0,0,0,"['gettested', 'hiv', 'knowyourstatus']",[],https://twitter.com/coastalhealth91/status/1465773012091916305,FALSE,NA,1,https://pbs.twimg.com/media/FFd4yRhWUA4tnU9.jpg,NA,NA,NA,NA,NA,NA,[],NA,NA,NA,NA,Bryan County_Georgia.csv,225,225,225,1.5822222222222222,1.1733333333333331,0.26666666666666666,Twitter but no Facebook
99909,North Georgia Health Department,Georgia,Georgia,ngahealthdist,500769,1,NA,NA,NA,1,NA,NA,North Georgia Health Department,146541e13,146541e13,2021-11-29 15:14:28 Eastern Standard Time,11/29/2021,15:14:28,-500,354938433,North Georgia Health,"Gilmer County, Murray County, Whitfield County, Pickens County, Fannin County, Cherokee County",Itâ€™s been 30 years since Harold S. â€Scottyâ€ was diagnosed with HIV. The first time he said he had HIV publicly was 27 years ago on World AIDS Day. He continues to be a voice and a face for people impacted by HIV  #WorldAIDSDay2021  https://t.co/AJxDQtPNkd,en,[],[],['https://pbs.twimg.com/media/FFYyJH3XsAEjzLb.png'],0,0,0,['worldaidsday2021'],[],https://twitter.com/NGAHealthDist/status/1465413875772399617,FALSE,NA,1,https://pbs.twimg.com/media/FFYyJH3XsAEjzLb.png,NA,NA,NA,NA,NA,NA,[],NA,NA,NA,NA,Cherokee County_Georgia.csv,298,298,298,0.49664429530201343,0.29194630872483224,0.15771812080536912,Both Facebook and Twitter
99910,Public Health District IV - Idaho,Idaho,Idaho,cdhidaho,541704,1,NA,NA,NA,1,NA,NA,Public Health District IV - Idaho,146572e13,146572e13,2021-11-30 11:22:53 Eastern Standard Time,11/30/2021,11:22:53,-500,37749338,Central District Health,"Valley County, Boise County, Elmore County, Ada County","All Idaho adults are now eligible to get their COVID-19 vaccine booster shot! Here are the updated guidelines.  To read the full recommendation from @CDCgov, click here:  https://t.co/yL247Wc9DG.  https://t.co/wHzndi0Xja",en,"[{'screen_name': 'cdcgov', 'name': 'cdc', 'id': '146569971'}]",['http://ow.ly/BJfM50GZNWI'],['https://pbs.twimg.com/media/FFdGvQhWYAotx1N.jpg'],1,0,4,[],[],https://twitter.com/CDHidaho/status/1465717982999498760,FALSE,NA,1,https://pbs.twimg.com/media/FFdGvQhWYAotx1N.jpg,NA,NA,NA,NA,NA,NA,[],NA,NA,NA,NA,Ada County_Idaho.csv,124,124,124,3.225806451612903,0.967741935483871,0.7983870967741935,Both Facebook and Twitter
99911,Southwest District Health - Idaho,Idaho,Idaho,swdhidaho,307467,1,NA,NA,NA,1,NA,NA,Southwest District Health - Idaho,146574e13,146574e13,2021-11-30 13:00:01 Eastern Standard Time,11/30/2021,13:00:01,-500,1102086571,SWDHIDAHO,"Adams County, Owyhee County, Washington County, Canyon County, Payette County, Gem County",Prevent Type 2 Diabetes! Join a diabetes prevention program offered by Southwest District Health. For more information and to sign-up call 208-455-5425.  https://t.co/jBGoDR7qMe,en,[],[],['https://pbs.twimg.com/media/FEWl0LUVEAMpCBv.jpg'],0,0,0,[],[],https://twitter.com/SWDHIDAHO/status/1465742427742883841,FALSE,NA,1,https://pbs.twimg.com/media/FEWl0LUVEAMpCBv.jpg,NA,NA,NA,NA,NA,NA,[],NA,NA,NA,NA,Adams County_Idaho.csv,226,226,226,0.3584070796460177,0.1946902654867257,0,Both Facebook and Twitter
99912,Southeastern Idaho Public Health,Idaho,Idaho,siphidaho,178287,1,NA,NA,NA,1,NA,NA,Southeastern Idaho Public Health,146544e13,146544e13,2021-11-29 17:07:28 Eastern Standard Time,11/29/2021,17:07:28,-500,16783792,SIPH,"Franklin County, Power County, Bannock County, Bear Lake County, Butte County, Oneida County, Bingham County, Caribou County",Southeastern Idaho Public Healthâ€™s Weekly COVID-19 Update  https://t.co/GqmtGM891j #IdahoCOVID19 #CoronaVirus #PublicHealth  https://t.co/NkiHPNT6iA,en,[],['https://linktr.ee/siphidaho'],['https://pbs.twimg.com/media/FFZMBNTX0AkOWFL.jpg'],0,0,0,"['idahocovid19', 'coronavirus', 'publichealth']",[],https://twitter.com/siphidaho/status/1465442314155872260,FALSE,NA,1,https://pbs.twimg.com/media/FFZMBNTX0AkOWFL.jpg,NA,NA,NA,NA,NA,NA,[],NA,NA,NA,NA,Bannock County_Idaho.csv,220,220,188,0.2909090909090909,0.2863636363636364,0.10909090909090909,Both Facebook and Twitter
99913,Panhandle Health District - Idaho,Idaho,Idaho,phdidaho,252442,1,NA,NA,NA,1,NA,NA,Panhandle Health District - Idaho,112288e13,112288e13,2019-04-29 11:16:55 Eastern Daylight Time,4/29/2019,11:16:55,-500,61523172,Panhandle Health,"Shoshone County, Benewah County, Bonner County, Boundary County, Kootenai County",What is the Youth Water Summit? A scientific conference for high school students who are learning about our watershed through the Confluence Project using field experiences and hands-on research. They are...  https://t.co/RiVFeca8P9,en,[],['https://www.facebook.com/PanhandleHealth/posts/1576114319189960'],[],0,0,1,[],[],https://twitter.com/phdidaho/status/1122882459652247553,FALSE,NA,0,NA,NA,NA,NA,NA,NA,NA,[],NA,NA,NA,NA,Benewah County_Idaho.csv,40,0,0,0.45,0.35,0.1,Both Facebook and Twitter
99914,South Central Public Health District - Idaho,Idaho,Idaho,scphd,204014,1,NA,NA,NA,1,NA,NA,South Central Public Health District - Idaho,13143e14,13143e14,2020-10-08 16:12:58 Eastern Daylight Time,10/8/2020,16:12:58,-500,100076441,SCPHD,"Twin Falls County, Camas County, Cassia County, Blaine County, Lincoln County, Gooding County, Jerome County, Minidoka County",October is #BreastCancer Month! Did you know there are some things you can do to reduce your risk of breast cancer? Read more:  https://t.co/YSA4s2We6w,en,[],['http://bit.ly/2Kz4b5q'],[],0,0,0,['breastcancer'],[],https://twitter.com/SCPHD/status/1314297757792759809,FALSE,NA,0,NA,NA,NA,NA,NA,NA,NA,[],NA,NA,NA,NA,Blaine County_Idaho.csv,140,9,0,0.1357142857142857,0.12142857142857144,0,Both Facebook and Twitter
99915,Public Health District 2 - Idaho,Idaho,Idaho,phincd,111092,1,NA,NA,NA,1,NA,NA,Public Health District 2 - Idaho,146e16,146e16,2021-11-22 10:30:01 Eastern Standard Time,11/22/2021,10:30:01,-500,17851232,Public Health - Idaho North Central District,"Nez Perce County, Clearwater County, Lewis County, Idaho County, Latah County",Today is Public Health Thank-You Day! The public health workforce work day in and day out to keep us safe every day of the yearâ€”and for that we say THANK YOU! #PHTYD  https://t.co/FENcOxKxFR,en,[],[],['https://pbs.twimg.com/media/FEllqZFUYAAfNOU.jpg'],0,2,5,['phtyd'],[],https://twitter.com/PHINCD/status/1462805573603414017,FALSE,NA,1,https://pbs.twimg.com/media/FEllqZFUYAAfNOU.jpg,NA,NA,NA,NA,NA,NA,[],NA,NA,NA,NA,Clearwater County_Idaho.csv,85,85,27,1.411764705882353,0.9176470588235294,0.16470588235294115,Both Facebook and Twitter
99916,Southern Seven Health Department - lllinois,Illinois,Illinois,s7healthdept,92688,1,NA,NA,NA,1,NA,NA,Southern Seven Health Department - lllinois,144615e13,144615e13,2021-10-07 12:35:49 Eastern Daylight Time,10/7/2021,12:35:49,-500,13364e14,Southern Seven Health Department & Head Start,"Pulaski County, Hardin County, Union County, Johnson County, Pope County, Massac County, Marion County","Vienna Head Start Early Learning Center reminded parents to enroll their child in Head Start during the Heritage Festival Parade in Vienna on October 2.  For more information about Head Start, call 618-634-2297 or visit  https://t.co/dvuealnaD0.  https://t.co/i1NCcb6XAy",en,[],['http://www.southern7.org'],['https://pbs.twimg.com/media/FBHDruVWEA4VM8h.jpg'],0,0,0,[],[],https://twitter.com/S7HealthDept/status/1446152294731554821,FALSE,NA,1,https://pbs.twimg.com/media/FBHDruVWEA4VM8h.jpg,NA,NA,NA,NA,NA,NA,[],NA,NA,NA,NA,Marion County_Illinois.csv,206,206,7,0.16019417475728157,0.10679611650485436,0.00485436893203883,Both Facebook and Twitter
99917,Lake Cumberland District Health Department - Kentucky,Kentucky,Kentucky,lcdhd,209764,1,NA,NA,NA,1,NA,NA,Lake Cumberland District Health Department - Kentucky,146537e13,146537e13,2021-11-29 12:02:12 Eastern Standard Time,11/29/2021,12:02:12,-500,67671445,Health Department,"McCreary County, Taylor County, Wayne County, Pulaski County, Cumberland County, Green County, Adair County, Russell County, Clinton County, Casey County",Booster shots are now available through your local Health Department! Learn more @  https://t.co/MYapSYvN3g #kickcovidKY #freefromquarantine #getvaccinated #everybodycounts #covidvaccine #imvaxxed #vaccinatedbychoice #vaccinessavelives  https://t.co/WDTAfJXYjg,en,[],['https://l8r.it/NqtB'],['https://pbs.twimg.com/media/FFYFur6WUAUBkiL.jpg'],0,0,0,"['kickcovidky', 'freefromquarantine', 'getvaccinated', 'everybodycounts', 'covidvaccine', 'imvaxxed', 'vaccinatedbychoice', 'vaccinessavelives']",[],https://twitter.com/LCDHD/status/1465365490046578691,FALSE,NA,1,https://pbs.twimg.com/media/FFYFur6WUAUBkiL.jpg,NA,NA,NA,NA,NA,NA,[],NA,NA,NA,NA,Adair County_Kentucky.csv,505,505,469,0.2594059405940594,0.04356435643564356,0.0198019801980198,Both Facebook and Twitter
99918,Purchase District Health Department - Kentucky,Kentucky,Kentucky,NA,88421,0,NA,NA,NA,1,NA,NA,Purchase District Health Department - Kentucky,NA,NA,NA,NA,NA,NA,NA,NA,"Ballard County, Carlisle County, Fulton County, Hickman County, McCracken County",NA,NA,NA,NA,NA,NA,NA,NA,NA,NA,NA,NA,NA,NA,NA,NA,NA,NA,NA,NA,NA,NA,NA,NA,NA,NA,NA,NA,NA,NA,NA,NA,NA,Facebook but no Twitter
99919,Barren River Health Department - Kentucky,Kentucky,Kentucky,barrenriverhd,278870,1,NA,NA,NA,1,NA,NA,Barren River Health Department - Kentucky,146e16,146e16,2021-11-24 17:17:52 Eastern Standard Time,11/24/2021,17:17:52,-500,115077040,Barren River Health,"Hart County, Butler County, Simpson County, Logan County, Warren County, Metcalfe County, Barren County, Edmonson County","The Barren River District Health Department has confirmed a total of 524 new cases and 53,377 total cases, 46,067 of which have recovered. We have 753 deaths reported from COVID-19. We stand in solidarity with those affected during these difficult times.  https://t.co/dxuBJUyFnl",en,[],[],"['https://pbs.twimg.com/media/FE_d7eKWUAAnOCJ.png', 'https://pbs.twimg.com/media/FE_d7eGX0AYRz9s.png', 'https://pbs.twimg.com/media/FE_eceXWQAEWL30.jpg']",0,0,1,[],[],https://twitter.com/BarrenRiverHD/status/1463632991394095106,FALSE,NA,1,https://pbs.twimg.com/media/FE_d7eKWUAAnOCJ.png,NA,NA,NA,NA,NA,NA,[],NA,NA,NA,NA,Barren County_Kentucky.csv,453,453,311,0.6931567328918322,0.4437086092715232,0.16997792494481237,Both Facebook and Twitter
99920,Gateway District Health Department - Kentucky,Kentucky,Kentucky,gdhd_org,64179,1,NA,NA,NA,1,NA,NA,Gateway District Health Department - Kentucky,111834e12,111834e12,2011-09-08 12:10:05 Eastern Daylight Time,9/8/2011,12:10:05,-500,370174296,Gateway District,"Rowan County, Menifee County, Morgan County, Elliott County, Bath County",Gateway District Health Department now has a Twitter account! Follow us for your public health information.,en,[],[],[],0,0,1,[],[],https://twitter.com/gdhd_org/status/111833694284693504,FALSE,NA,0,NA,NA,NA,NA,NA,NA,NA,[],NA,NA,NA,NA,Menifee County_Kentucky.csv,4,0,0,1,0,0,Both Facebook and Twitter
99921,Northern Kentucky Health Department,Kentucky,Kentucky,nkyhealth,422752,1,NA,NA,NA,1,NA,NA,Northern Kentucky Health Department,147e16,147e16,2021-11-30 15:00:02 Eastern Standard Time,11/30/2021,15:00:02,-500,318448920,NKY Health Dept,"Boone County, Kenton County, Campbell County, Grant County","COVID-19 vaccines are being monitored for safety with the most comprehensive and intense safety monitoring program in U.S. history. In fact, there were no reports of myocarditis, pericarditis or severe allergic reaction during the clinical trials for ages 5 â€“ 11. #VaxUpNKY  https://t.co/9mMedb88nc",en,[],[],['https://pbs.twimg.com/media/FEQ2c-kXEA0l2rB.png'],0,0,0,['vaxupnky'],[],https://twitter.com/nkyhealth/status/1465772630347182082,FALSE,NA,1,https://pbs.twimg.com/media/FEQ2c-kXEA0l2rB.png,NA,NA,NA,NA,NA,NA,[],NA,NA,NA,NA,Boone County_Kentucky.csv,260,260,260,1.2538461538461538,0.23846153846153847,0.4153846153846154,Both Facebook and Twitter
99922,Three Rivers District Health Department - Kentucky,Kentucky,Kentucky,trdhd,45112,1,NA,NA,NA,1,NA,NA,Three Rivers District Health Department - Kentucky,14404e14,14404e14,2021-09-21 15:51:47 Eastern Daylight Time,9/21/2021,15:51:47,-500,125362867,Three Rivers,"Owen County, Pendleton County, Gallatin County, Carroll County","TRDHD District Director, Dr. Georgia Heise, presented to the Interim Joint Committee on Local Govâ€™t today on the effect of the 2021 Special Legislative Session and it's impact on Public Health across KY. We are so thankful for Dr. Heise's leadership during the COVID-19 pandemic.  https://t.co/KlRMPWsBy9",en,[],[],"['https://pbs.twimg.com/media/E_1XQZRUYAQhusc.jpg', 'https://pbs.twimg.com/media/E_1XQZaVkAgfRxj.jpg', 'https://pbs.twimg.com/media/E_1XQZaVUAQnwow.jpg']",0,1,2,[],[],https://twitter.com/TRDHD/status/1440403403025256450,FALSE,NA,1,https://pbs.twimg.com/media/E_1XQZRUYAQhusc.jpg,NA,NA,NA,NA,NA,NA,[],NA,NA,NA,NA,Owen County_Kentucky.csv,220,40,0,1.9727272727272729,0.6136363636363636,0.14545454545454545,Both Facebook and Twitter
99923,Cumberland Valley Health Department - Kentucky,Kentucky,Kentucky,NA,49721,0,NA,NA,NA,1,NA,NA,Cumberland Valley Health Department - Kentucky,NA,NA,NA,NA,NA,NA,NA,NA,"Clay County, Rockcastle County, Jackson County",NA,NA,NA,NA,NA,NA,NA,NA,NA,NA,NA,NA,NA,NA,NA,NA,NA,NA,NA,NA,NA,NA,NA,NA,NA,NA,NA,NA,NA,NA,NA,NA,NA,Facebook but no Twitter
99924,Green River District Health Department - Kentucky,Kentucky,Kentucky,grdhd,215800,1,NA,NA,NA,1,NA,NA,Green River District Health Department - Kentucky,122e16,122e16,2020-01-13 09:53:05 Eastern Standard Time,1/13/2020,09:53:05,-500,162090541,Green River Health,"Daviess County, Henderson County, Ohio County, Webster County, Hancock County, Union County, McLean County",January is Radon Awareness Month and GRDHD wants to help you learn more about how to test your home for Radon!  https://t.co/2mnujrkQp0,en,[],['https://www.tristatehomepage.com/lifestyles/abc-25-local-lifestyles-green-river-health-district-01-07-20/'],[],1,0,2,[],[],https://twitter.com/GRDHD/status/1216734920502063110,FALSE,NA,0,NA,NA,NA,NA,NA,NA,NA,[],NA,NA,NA,NA,Daviess County_Kentucky.csv,80,0,0,0.1375,0,0.075,Both Facebook and Twitter
99925,Lincoln Trail District Health Department - Kentucky,Kentucky,Kentucky,lincolntrailhd,232267,1,NA,NA,NA,1,NA,NA,Lincoln Trail District Health Department - Kentucky,NA,NA,NA,NA,NA,NA,NA,NA,"Hardin County, Larue County, Washington County, Marion County, Nelson County, Meade County",NA,NA,NA,NA,NA,NA,NA,NA,NA,NA,NA,NA,NA,NA,NA,NA,NA,NA,NA,NA,NA,NA,NA,NA,NA,NA,NA,0,0,0,0,0,0,Both Facebook and Twitter
99926,WEDCO District Health Department - Kentucky,Kentucky,Kentucky,wedcohealth,84624,1,NA,NA,NA,1,NA,NA,WEDCO District Health Department - Kentucky,146533e13,146533e13,2021-11-29 09:38:37 Eastern Standard Time,11/29/2021,09:38:37,-500,2373804991,WEDCO DHD,"Scott County, Harrison County, Nicholas County","In 2021, 11.3% of high school students (1.72 million) and 2.8% (320,000) of middle school students reported current e-cigarette use. To view the full report on Youth E-Cigarette Use, check the report below.  https://t.co/1m6JiqF6ju via @CDCgov",en,"[{'screen_name': 'cdcgov', 'name': 'cdc', 'id': '146569971'}]",['https://www.cdc.gov/mmwr/volumes/70/wr/mm7039a4.htm?s_cid=mm7039a4_w'],[],0,0,0,[],[],https://twitter.com/wedcohealth/status/1465329353433231366,FALSE,NA,0,NA,NA,NA,NA,NA,NA,NA,[],NA,NA,NA,NA,Harrison County_Kentucky.csv,0,0,0,0,0,0,Both Facebook and Twitter
99927,North Central District Health Department - Kentucky,Kentucky,Kentucky,ncdistrict,93744,1,NA,NA,NA,1,NA,NA,North Central District Health Department - Kentucky,144908e13,144908e13,2021-10-15 14:16:16 Eastern Daylight Time,10/15/2021,14:16:16,-500,2875172679,NCDistrict,"Shelby County, Spencer County, Trimble County, Henry County",Covid-19 Weekly Update  10/15/2021 #ncdhd  https://t.co/anPNaTIPYS,en,[],[],['https://pbs.twimg.com/media/FBwna7lXMAAQQBN.jpg'],1,0,1,['ncdhd'],[],https://twitter.com/NCDistrict/status/1449076676202274824,FALSE,NA,1,https://pbs.twimg.com/media/FBwna7lXMAAQQBN.jpg,NA,NA,NA,NA,NA,NA,[],NA,NA,NA,NA,Spencer County_Kentucky.csv,20,20,1,0.1,0.2,0.05,Both Facebook and Twitter
99928,Kentucky River District Health Department,Kentucky,Kentucky,krdhd,89523,1,NA,NA,NA,1,NA,NA,Kentucky River District Health Department,143904e13,143904e13,2021-09-17 21:23:31 Eastern Daylight Time,9/17/2021,21:23:31,-500,971458e12,Kentucky River District Health Department,"Perry County, Letcher County, Owsley County, Leslie County, Wolfe County, Knott County, Lee County",https://t.co/s9C20oewHc,und,[],[],['https://pbs.twimg.com/media/E_h802IWYAI9_m8.jpg'],0,0,0,[],[],https://twitter.com/KRDHD/status/1439037335342092295,FALSE,NA,1,https://pbs.twimg.com/media/E_h802IWYAI9_m8.jpg,NA,NA,NA,NA,NA,NA,[],NA,NA,NA,NA,Knott County_Kentucky.csv,40,40,0,0.7,0.2,0.05,Both Facebook and Twitter
99929,Buffalo Trace District Health Department - Kentucky,Kentucky,Kentucky,mason_health,19171,1,NA,NA,NA,1,NA,NA,Buffalo Trace District Health Department - Kentucky,NA,NA,NA,NA,NA,NA,NA,NA,"Mason County, Robertson County",NA,NA,NA,NA,NA,NA,NA,NA,NA,NA,NA,NA,NA,NA,NA,NA,NA,NA,NA,NA,NA,NA,NA,NA,NA,NA,NA,0,0,0,0,0,0,Both Facebook and Twitter
99930,Luce-Mackinac-Alger-Schoolcraft Health District - Michigan,Michigan,Michigan,lmasdhd,34084,1,NA,NA,NA,1,NA,NA,Luce-Mackinac-Alger-Schoolcraft Health District - Michigan,NA,NA,NA,NA,NA,NA,NA,NA,"Alger County, Mackinac County, Schoolcraft County, Luce County",NA,NA,NA,NA,NA,NA,NA,NA,NA,NA,NA,NA,NA,NA,NA,NA,NA,NA,NA,NA,NA,NA,NA,NA,NA,NA,NA,180,0,0,0,0.00555555555555555,0,Both Facebook and Twitter
99931,Health Department of Northwest Michigan,Michigan,Michigan,nwhealthorg,107661,1,NA,NA,NA,0,NA,NA,Health Department of Northwest Michigan,147e16,147e16,2021-11-30 13:02:16 Eastern Standard Time,11/30/2021,13:02:16,-500,531498598,nwhealth.org,"Emmet County, Otsego County, Charlevoix County, Antrim County",Open Enrollment for health care coverage has opened.  Act by Dec 15 for coverage starting Jan 1.   https://t.co/OiXsSJNuRH  https://t.co/RFIHrw4pNV,en,[],['http://www.healthcare.gov'],['https://pbs.twimg.com/media/FFddfJGWQAE855l.jpg'],0,0,0,[],[],https://twitter.com/nwhealthorg/status/1465742994657665032,FALSE,NA,1,https://pbs.twimg.com/media/FFddfJGWQAE855l.jpg,NA,NA,NA,NA,NA,NA,[],NA,NA,NA,NA,Antrim County_Michigan.csv,262,262,244,0.03816793893129771,0.02290076335877862,0,Twitter but no Facebook
99932,Central Michigan District Health Department,Michigan,Michigan,cmidhd,188104,1,NA,NA,NA,0,NA,NA,Central Michigan District Health Department,132106e13,132106e13,2020-10-27 08:02:30 Eastern Daylight Time,10/27/2020,08:02:30,-500,148836418,Central Mich Dist HD,"Arenac County, Gladwin County, Isabella County, Clare County, Roscommon County, Osceola County","Turn over a new leaf and quit today. For free help, visit  https://t.co/Zj943yMUJ2.  https://t.co/sZSP2GHSdX",en,[],['http://CDC.gov/quit'],['https://pbs.twimg.com/media/ElVYysxXEAA276H.jpg'],0,0,0,[],[],https://twitter.com/CMiDHD/status/1321059694992121858,FALSE,NA,1,https://pbs.twimg.com/media/ElVYysxXEAA276H.jpg,NA,NA,NA,NA,NA,NA,[],NA,NA,NA,NA,Clare County_Michigan.csv,100,6,0,0.27,0.16,0.04,Twitter but no Facebook
99933,Western Upper Peninsula Health Department - Michigan,Michigan,Michigan,westernuphealth,64907,1,NA,NA,NA,0,NA,NA,Western Upper Peninsula Health Department - Michigan,137254e13,137253e13,2021-03-18 09:07:22 Eastern Daylight Time,3/18/2021,09:07:22,-500,1623676812,Western UP Health,"Keweenaw County, Baraga County, Gogebic County, Houghton County, Ontonagon County","@michaelhbabcock @TimothyScarlett Also, for anyone who does not have access to the internet, they can call 211 for assistance with getting  onto the WUPHD waitlist.",en,[],[],[],0,0,0,[],[],https://twitter.com/WesternUPHealth/status/1372535097094672385,FALSE,NA,0,NA,NA,NA,NA,NA,NA,NA,"[{'screen_name': 'michaelhbabcock', 'name': 'Michael H. Babcock', 'id': '35102542'}, {'screen_name': 'TimothyScarlett', 'name': 'Timothy J Scarlett', 'id': '370703977'}]",NA,NA,NA,NA,Baraga County_Michigan.csv,100,16,0,0.23,0.05,0,Twitter but no Facebook
99934,Barry - Eaton District Health Department - Michigan,Michigan,Michigan,barryeaton_hd,172209,1,NA,NA,NA,1,NA,NA,Barry - Eaton District Health Department - Michigan,141858e13,141858e13,2021-07-23 10:53:03 Eastern Daylight Time,7/23/2021,10:53:03,-500,758659e12,Barry-Eaton Health,"Barry County, Eaton County","Community member Sam is sharing why he got the COVID-19 vaccine!  ""By getting the vaccine, I'm setting an example for my community. I aim to protect by getting the vaccine. #MIDoseOfHope  Schedule your appointment now and get vaccinated:  https://t.co/lYncMMcpdk  https://t.co/j8wrHP2jyX",en,[],['https://bit.ly/2RqhElh'],['https://pbs.twimg.com/media/E6_TfoVWUAQO7Hw.jpg'],0,0,2,['midoseofhope'],[],https://twitter.com/BarryEaton_HD/status/1418584953001029642,FALSE,NA,1,https://pbs.twimg.com/media/E6_TfoVWUAQO7Hw.jpg,NA,NA,NA,NA,NA,NA,[],NA,NA,NA,NA,Barry County_Michigan.csv,40,5,0,0.175,0.1,0.025,Both Facebook and Twitter
99935,Mid-Michigan Health Department,Michigan,Michigan,mmdhd2,183512,1,NA,NA,NA,1,NA,NA,Mid-Michigan Health Department,146459e13,146459e13,2021-11-27 08:40:00 Eastern Standard Time,11/27/2021,08:40:00,-500,2227272378,MMDHD,"Clinton County, Montcalm County, Gratiot County","Still have #Thanksgiving #leftovers hanging around in your fridge? Now is the time to eat, freeze or discard any leftovers. Learn more:  https://t.co/qxMMtHoOks #StoryofYourDinner #foodsafety",en,[],['http://StoryofYourDinner.org'],[],0,0,0,"['thanksgiving', 'leftovers', 'storyofyourdinner', 'foodsafety']",[],https://twitter.com/MMDHD2/status/1464589827232391176,FALSE,NA,0,NA,NA,NA,NA,NA,NA,NA,[],NA,NA,NA,NA,Clinton County_Michigan.csv,75,75,75,0.28,0.26666666666666666,0.04,Both Facebook and Twitter
99936,District Health Department 10 - Michigan,Michigan,Michigan,midhd10,266442,1,NA,NA,NA,0,NA,NA,District Health Department 10 - Michigan,144e16,144e16,2021-09-27 16:40:52 Eastern Daylight Time,9/27/2021,16:40:52,-500,877214e12,DHD10,"Lake County, Mecosta County, Mason County, Missaukee County, Newaygo County, Kalkaska County, Crawford County, Wexford County, Manistee County, Oceana County",PFIZER COVID-19 BOOSTER DOSE NOW APPROVED FOR SOME;  MODERNA AND J&amp;J NOT CURRENTLY APPROVED   District Health Department #10 (DHD#10) reports that the Advisory Committee on Immunization Practices (ACIP) voted on September 23 to recommend a single Pfizer-â€¦  https://t.co/cvad0Jj70h  https://t.co/nQtc10gPwg,en,[],['https://ift.tt/2XRHEJl'],['https://pbs.twimg.com/media/FAUcCWUVgAIJe5K.png'],0,0,0,[],[],https://twitter.com/MiDHD10/status/1442590084117630977,FALSE,NA,1,https://pbs.twimg.com/media/FAUcCWUVgAIJe5K.png,NA,NA,NA,NA,NA,NA,[],NA,NA,NA,NA,Crawford County_Michigan.csv,200,48,0,0.255,0.05,0.005,Twitter but no Facebook
99937,Tri-County Health Department - Missouri,Missouri,Missouri,NA,19381,0,NA,NA,NA,1,NA,NA,Tri-County Health Department - Missouri,NA,NA,NA,NA,NA,NA,NA,NA,"Gentry County, DeKalb County, Worth County",NA,NA,NA,NA,NA,NA,NA,NA,NA,NA,NA,NA,NA,NA,NA,NA,NA,NA,NA,NA,NA,NA,NA,NA,NA,NA,NA,NA,NA,NA,NA,NA,NA,Facebook but no Twitter
99938,South Heartland Health District - Nebraska,Nebraska,Nebraska,shdhdhealth,45090,1,NA,NA,NA,1,NA,NA,South Heartland Health District - Nebraska,145232e13,145232e13,2021-10-24 13:00:00 Eastern Daylight Time,10/24/2021,13:00:00,-500,3010816881,South Heartland,"Clay County, Adams County, Webster County, Nuckolls County","Every year, flu vaccination prevents illnesses, medical visits, hospitalizations, and deaths. Get your flu vaccine!  https://t.co/Bl6AXsJa3I",en,[],[],['https://pbs.twimg.com/media/FA3DBQfWEAgzs5f.jpg'],0,0,0,[],[],https://twitter.com/shdhdhealth/status/1452318971294797836,FALSE,NA,1,https://pbs.twimg.com/media/FA3DBQfWEAgzs5f.jpg,NA,NA,NA,NA,NA,NA,[],NA,NA,NA,NA,Clay County_Nebraska.csv,40,40,14,0.1,0.1,0,Both Facebook and Twitter
99939,North Central Health District - Nebraska,Nebraska,Nebraska,ncdhealth,44466,1,NA,NA,NA,1,NA,NA,North Central Health District - Nebraska,14629e14,14629e14,2021-11-22 17:00:00 Eastern Standard Time,11/22/2021,17:00:00,-500,705862e12,North Central Health,"Antelope County, Brown County, Cherry County, Keya Paha County, Holt County, Knox County, Pierce County, Boyd County, Rock County","Becky started smoking cigarettes in high school and now suffers from chronic obstructive pulmonary disease (COPD). This COPD Awareness Month, make a plan to quit smoking and reduce your risk for respiratory diseases. #CDCTips #NEQuitline  https://t.co/gm20Am2VgY",en,[],[],['https://pbs.twimg.com/media/FDIIah7WYAo1lnD.jpg'],0,0,0,"['cdctips', 'nequitline']",[],https://twitter.com/ncdhealth/status/1462903717452083201,FALSE,NA,1,https://pbs.twimg.com/media/FDIIah7WYAo1lnD.jpg,NA,NA,NA,NA,NA,NA,[],NA,NA,NA,NA,Antelope County_Nebraska.csv,163,163,57,0.1840490797546012,0.147239263803681,0,Both Facebook and Twitter
99940,West Central District Health Department - Nebraska,Nebraska,Nebraska,wcdhd,37420,1,NA,NA,NA,1,NA,NA,West Central District Health Department - Nebraska,146532e13,146532e13,2021-11-29 09:00:03 Eastern Standard Time,11/29/2021,09:00:03,-500,515958611,West Central District Health Department,"Thomas County, Logan County, Lincoln County, Hooker County, Arthur County, McPherson County","#WCDHDvaccine #COVID19 #Vaccine clinics happening this week!  For future clinic dates, see the WCDHD event calendar:  https://t.co/MPa9zoqbx4  **Please be sure to read all details of the specific clinic**  https://t.co/2tbngMKyEY",en,[],['https://wcdhd.org/news-events/event-calendar.html'],['https://pbs.twimg.com/media/FEWYHl3WQAEzKF_.jpg'],0,0,0,"['wcdhdvaccine', 'covid19', 'vaccine']",[],https://twitter.com/WCDHD/status/1465319648153403398,FALSE,NA,1,https://pbs.twimg.com/media/FEWYHl3WQAEzKF_.jpg,NA,NA,NA,NA,NA,NA,[],NA,NA,NA,NA,Arthur County_Nebraska.csv,262,214,132,0.16793893129770993,0.08396946564885496,0.00763358778625954,Both Facebook and Twitter
99941,Panhandle Public Health District - Nebraska,Nebraska,Nebraska,NA,47064,0,NA,NA,NA,1,NA,NA,Panhandle Public Health District - Nebraska,NA,NA,NA,NA,NA,NA,NA,NA,"Cheyenne County, Garden County, Box Butte County, Dawes County, Deuel County, Sioux County, Banner County, Morrill County, Kimball County, Sheridan County",NA,NA,NA,NA,NA,NA,NA,NA,NA,NA,NA,NA,NA,NA,NA,NA,NA,NA,NA,NA,NA,NA,NA,NA,NA,NA,NA,NA,NA,NA,NA,NA,NA,Facebook but no Twitter
99942,Loup Basin Public Health Department - Nebraska,Nebraska,Nebraska,lbphd,30375,1,NA,NA,NA,1,NA,NA,Loup Basin Public Health Department - Nebraska,114e16,114e16,2019-06-26 16:28:14 Eastern Daylight Time,6/26/2019,16:28:14,-500,49687591,Loup Basin Public Health Department,"Wheeler County, Greeley County, Valley County, Custer County, Howard County, Blaine County, Garfield County, Loup County, Sherman County",https://t.co/ZcD1y0VzrQ,und,[],['https://www.facebook.com/223407585331/posts/10161799656690332/'],[],1,0,0,[],[],https://twitter.com/LBPHD/status/1143979303324925952,FALSE,NA,0,NA,NA,NA,NA,NA,NA,NA,[],NA,NA,NA,NA,Custer County_Nebraska.csv,260,0,0,0.03846153846153846,0.01153846153846153,0.03076923076923077,Both Facebook and Twitter
99943,East Central District Health Department - Nebraska,Nebraska,Nebraska,NA,52579,0,NA,NA,NA,1,NA,NA,East Central District Health Department - Nebraska,NA,NA,NA,NA,NA,NA,NA,NA,"Platte County, Colfax County, Nance County, Boone County",NA,NA,NA,NA,NA,NA,NA,NA,NA,NA,NA,NA,NA,NA,NA,NA,NA,NA,NA,NA,NA,NA,NA,NA,NA,NA,NA,NA,NA,NA,NA,NA,NA,Facebook but no Twitter
99944,Two Rivers Public Health Department - Nebraska,Nebraska,Nebraska,trpublichealth,97519,1,NA,NA,NA,1,NA,NA,Two Rivers Public Health Department - Nebraska,143778e13,143778e13,2021-09-14 09:57:05 Eastern Daylight Time,9/14/2021,09:57:05,-500,116565463,Two Rivers Public Health Department,"Kearney County, Franklin County, Phelps County, Buffalo County, Gosper County, Dawson County, Harlan County","Congratulations, Lt. Kowalek!",pl,[],[],[],0,0,0,[],[],https://twitter.com/TRPublicHealth/status/1437777425618833423,FALSE,NA,0,NA,NA,NA,NA,NA,NA,NA,[],NA,NA,NA,NA,Buffalo County_Nebraska.csv,74,74,0,0.7972972972972973,0.6216216216216216,0.10810810810810811,Both Facebook and Twitter
99945,Elkhorn Logan Valley Public Health Department - Nebraska,Nebraska,Nebraska,elvphd,55968,1,NA,NA,NA,1,NA,NA,Elkhorn Logan Valley Public Health Department - Nebraska,137414e13,137414e13,2021-03-22 19:16:26 Eastern Daylight Time,3/22/2021,19:16:26,-500,409523475,ELVPHD,"Stanton County, Cuming County, Burt County, Madison County",https://t.co/hUORF2eYrS,und,[],[],"['https://pbs.twimg.com/media/ExHrJ5AXEAA8E3Y.jpg', 'https://pbs.twimg.com/media/ExHrJ5AWYAEKI9n.jpg']",0,0,0,[],[],https://twitter.com/ELVPHD/status/1374137926121033729,FALSE,NA,1,https://pbs.twimg.com/media/ExHrJ5AXEAA8E3Y.jpg,NA,NA,NA,NA,NA,NA,[],NA,NA,NA,NA,Burt County_Nebraska.csv,80,44,0,0.825,0.2875,0,Both Facebook and Twitter
99946,Four Corners Health Department - Nebraska,Nebraska,Nebraska,fc_healthdept,43858,1,NA,NA,NA,1,NA,NA,Four Corners Health Department - Nebraska,147e16,147e16,2021-11-29 16:20:12 Eastern Standard Time,11/29/2021,16:20:12,-500,2241443028,FC_HealthDept,"York County, Butler County, Seward County, Polk County","The Food Bank of Lincoln will be at East Hill Church of Christ (1122 N. Delaware, York) for a drive-thru distribution this Friday, December 3rd, from 12:00 - 1:00 pm. Vehicles should line up from the north on Florida Avenue.",en,[],[],[],0,1,1,[],[],https://twitter.com/FC_HealthDept/status/1465430416027009033,FALSE,NA,0,NA,NA,NA,NA,NA,NA,NA,[],NA,NA,NA,NA,Butler County_Nebraska.csv,66,66,40,0.5909090909090909,0.30303030303030304,0,Both Facebook and Twitter
99947,Sarpy-Cass Health Department - Nebraska,Nebraska,Nebraska,sarpycasshealth,215088,1,NA,NA,NA,1,NA,NA,Sarpy-Cass Health Department - Nebraska,147e16,147e16,2021-11-29 13:10:00 Eastern Standard Time,11/29/2021,13:10:00,-500,2871716635,SarpyCassHealth,"Sarpy County, Cass County",https://t.co/PkamHfgYOP,und,[],[],['https://pbs.twimg.com/media/FDcvqOSWYAgJUKE.jpg'],0,1,5,[],[],https://twitter.com/SarpyCassHealth/status/1465382551334404111,FALSE,NA,1,https://pbs.twimg.com/media/FDcvqOSWYAgJUKE.jpg,NA,NA,NA,NA,NA,NA,[],NA,NA,NA,NA,Cass County_Nebraska.csv,180,180,88,2.0722222222222224,0.9277777777777778,0.1,Both Facebook and Twitter
99948,Northeast Nebraska Public Health Department,Nebraska,Nebraska,nnephd,30722,1,NA,NA,NA,1,NA,NA,Northeast Nebraska Public Health Department,110583e13,110583e13,2019-03-13 09:54:21 Eastern Daylight Time,3/13/2019,09:54:21,-500,3805186934,NNPHD,"Dixon County, Cedar County, Thurston County, Wayne County","Turn Around Donâ€™t Drown Know What to do Before, During and After a Flood  https://t.co/FNO8pVxckz",en,[],['https://www.weather.gov/safety/flood'],[],0,0,1,[],[],https://twitter.com/NNEPHD/status/1105829451978428416,FALSE,NA,0,NA,NA,NA,NA,NA,NA,NA,[],NA,NA,NA,NA,Thurston County_Nebraska.csv,20,0,0,0.3,0,0,Both Facebook and Twitter
99949,Southwest Nebraska Public Health Department,Nebraska,Nebraska,swpublichealth,37917,1,NA,NA,NA,1,NA,NA,Southwest Nebraska Public Health Department,146576e13,146576e13,2021-11-30 14:28:46 Eastern Standard Time,11/30/2021,14:28:46,-500,475178622,SW Nebraska Public Health Dept,"Keith County, Perkins County, Hayes County, Dundy County, Red Willow County, Frontier County, Hitchcock County, Furnas County, Chase County","#SWNPHD will be at Benkelman Elementary School on December 3, 2021 8:30am-10:00am MT offering FREE dental screenings for children ages 0-5. Please call (308) 345-4223 to schedule. #PolishYourPearls  https://t.co/dvbf1qZy3U",en,[],[],['https://pbs.twimg.com/media/FFdxSHAWQAA0mbF.jpg'],0,0,0,"['swnphd', 'polishyourpearls']",[],https://twitter.com/swpublichealth/status/1465764761895944196,FALSE,NA,1,https://pbs.twimg.com/media/FFdxSHAWQAA0mbF.jpg,NA,NA,NA,NA,NA,NA,[],NA,NA,NA,NA,Chase County_Nebraska.csv,325,325,325,0.3507692307692308,0.19384615384615383,0.03692307692307692,Both Facebook and Twitter
99950,Three Rivers Public Health - Nebraska,Nebraska,Nebraska,threerivers_ph,79050,1,NA,NA,NA,1,NA,NA,Three Rivers Public Health - Nebraska,146577e13,146577e13,2021-11-30 15:05:03 Eastern Standard Time,11/30/2021,15:05:03,-500,4714971972,Three Rivers Public Health,"Saunders County, Washington County, Dodge County","Wondering where you can get a COVID vaccine in Saunders and Washington Counties?  Please check out these local pharmacies, if you're interested. Store hours may vary!  https://t.co/fNtvLiaIXp",en,[],[],['https://pbs.twimg.com/media/FFd5ljtXMAAk1SI.jpg'],0,0,0,[],[],https://twitter.com/threerivers_ph/status/1465773892220424204,FALSE,NA,1,https://pbs.twimg.com/media/FFd5ljtXMAAk1SI.jpg,NA,NA,NA,NA,NA,NA,[],NA,NA,NA,NA,Dodge County_Nebraska.csv,108,108,108,0.5,0.3888888888888889,0.00925925925925925,Both Facebook and Twitter
99951,Public Health Solutions - Nebraska,Nebraska,Nebraska,phshealthdept,52923,1,NA,NA,NA,1,NA,NA,Public Health Solutions - Nebraska,122041e13,122041e13,2020-01-23 13:18:15 Eastern Standard Time,1/23/2020,13:18:15,-500,27115268,PHS District Health,"Saline County, Fillmore County, Thayer County, Jefferson County, Gage County",Meet some of the new faces at the health department! Welcome to the team!  https://t.co/bpdwhdAb30,en,[],[],[],2,0,1,[],[],https://twitter.com/PHSHealthDept/status/1220410431589822464,FALSE,NA,1,https://pbs.twimg.com/ext_tw_video_thumb/1220410226530230272/pu/img/9r2vjHvCuEw-KguR.jpg,NA,NA,NA,NA,NA,NA,[],NA,NA,NA,NA,Fillmore County_Nebraska.csv,60,0,0,0.35,0.15,0.1,Both Facebook and Twitter
99952,Central District Health Department - Nebraska,Nebraska,Nebraska,NA,78074,0,NA,NA,NA,1,NA,NA,Central District Health Department - Nebraska,NA,NA,NA,NA,NA,NA,NA,NA,"Hall County, Hamilton County, Merrick County",NA,NA,NA,NA,NA,NA,NA,NA,NA,NA,NA,NA,NA,NA,NA,NA,NA,NA,NA,NA,NA,NA,NA,NA,NA,NA,NA,NA,NA,NA,NA,NA,NA,Facebook but no Twitter
99953,Southeast Health District - Nebraska,Nebraska,Nebraska,sedisthd,38458,1,NA,NA,NA,1,NA,NA,Southeast Health District - Nebraska,146542e13,146542e13,2021-11-29 15:39:25 Eastern Standard Time,11/29/2021,15:39:25,-500,4895232027,SE.Dist.Health.Dept.,"Nemaha County, Otoe County, Richardson County, Johnson County, Pawnee County","402-274-3993 ext 106. Any additional questions, please give us a call, 877-777-0424. Click on our website (direct link) for more details.   https://t.co/hffjeFFIW9",en,[],['https://www.sedhd.org/covid/covid-19-testing-resources.html'],[],0,0,0,[],[],https://twitter.com/SEDistHD/status/1465420155408818177,FALSE,NA,0,NA,NA,NA,NA,NA,NA,NA,[],NA,NA,NA,NA,Johnson County_Nebraska.csv,194,194,125,0.13917525773195877,0.04123711340206185,0.5,Both Facebook and Twitter
99954,Albemarle Regional Health Services - North Carolina,North Carolina,North Carolina,arhs_nc,161174,1,NA,NA,NA,1,NA,NA,Albemarle Regional Health Services - North Carolina,14647e14,14647e14,2021-11-27 16:00:40 Eastern Standard Time,11/27/2021,16:00:40,-500,1267151060,ARHS_NC,"Pasquotank County, Currituck County, Camden County, Bertie County, Hertford County, Chowan County, Perquimans County, Gates County",https://t.co/smtbHKupak,und,[],[],['https://pbs.twimg.com/media/FFOpjHCXMAM-qwy.jpg'],0,2,1,[],[],https://twitter.com/ARHS_NC/status/1464700727549472771,FALSE,NA,1,https://pbs.twimg.com/media/FFOpjHCXMAM-qwy.jpg,NA,NA,NA,NA,NA,NA,[],NA,NA,NA,NA,Bertie County_North Carolina.csv,232,232,224,0.5603448275862069,0.4913793103448276,0.03448275862068965,Both Facebook and Twitter
99955,Southwest Oklahoma County Health Departments,Oklahoma,Oklahoma,swochd5,236293,1,NA,NA,NA,1,NA,NA,Southwest Oklahoma County Health Departments,131e16,131e16,2020-09-30 12:27:24 Eastern Daylight Time,9/30/2020,12:27:24,-500,124e16,Southwest Oklahoma County Health Departments,"Kiowa County, Jackson County, Tillman County, Comanche County, Greer County, Caddo County, Cotton County, Harmon County, Washita County, Beckham County","These numbers represent data collected for Oklahoma and the ten counties served by the county health departments of District 5 for Wednesday, September 30, 2020. For more information, please visit  https://t.co/dc0CCWr4YL.  https://t.co/rx4lo0LW82",en,[],['https://coronavirus.health.ok.gov/'],['https://pbs.twimg.com/media/EjLSfbGWoAAKTvG.jpg'],0,0,0,[],[],https://twitter.com/SWOCHD5/status/1311341889396903936,FALSE,NA,1,https://pbs.twimg.com/media/EjLSfbGWoAAKTvG.jpg,NA,NA,NA,NA,NA,NA,[],NA,NA,NA,NA,Beckham County_Oklahoma.csv,40,40,0,0,0,0,Both Facebook and Twitter
99956,North Central Public Health District - Oregon,Oregon,Oregon,NA,30179,0,NA,NA,NA,1,NA,NA,North Central Public Health District - Oregon,NA,NA,NA,NA,NA,NA,NA,NA,"Sherman County, Wasco County, Gilliam County",NA,NA,NA,NA,NA,NA,NA,NA,NA,NA,NA,NA,NA,NA,NA,NA,NA,NA,NA,NA,NA,NA,NA,NA,NA,NA,NA,NA,NA,NA,NA,NA,NA,Facebook but no Twitter
99957,Southwest Utah Public Health Department,Utah,Utah,swuhealth,261452,1,NA,NA,NA,1,NA,NA,Southwest Utah Public Health Department,140085e13,140085e13,2021-06-04 12:01:16 Eastern Daylight Time,6/4/2021,12:01:16,-500,18960581,Southwest Utah Public Health,"Kane County, Garfield County, Beaver County, Iron County, Washington County","We all have the power to save a life. There are many resources for those experiencing suicidal thoughts. If you or someone you know is contemplating suicide, use one of these resources to help.  Visit  https://t.co/OJRcFuwVfu to learn more.  https://t.co/7viWWpBHB3",en,[],['http://liveonutah.org/'],['https://pbs.twimg.com/media/E3DNNTMXoAIilVz.png'],0,0,1,[],[],https://twitter.com/SWUHEALTH/status/1400845115803975680,FALSE,NA,1,https://pbs.twimg.com/media/E3DNNTMXoAIilVz.png,NA,NA,NA,NA,NA,NA,[],NA,NA,NA,NA,Beaver County_Utah.csv,43,43,19,0.9069767441860463,0.5348837209302325,0.09302325581395347,Both Facebook and Twitter
99958,Bear River Health Department - Utah,Utah,Utah,bearriverhealth,189463,1,NA,NA,NA,1,NA,NA,Bear River Health Department - Utah,144143e13,144143e13,2021-09-24 12:07:42 Eastern Daylight Time,9/24/2021,12:07:42,-500,27714329,Bear River Health,"Cache County, Box Elder County, Rich County",The CDC has given approval for Pfizer COVID-19 booster shots for individuals 65+. It must be at least 6 months since your series was completed. Pharmacy partners are ready to help eligible individuals. Please visit  https://t.co/mFkkGWymKt to find a pharmacy near you.,en,[],['https://coronavirus.utah.gov/'],[],0,0,0,[],[],https://twitter.com/BearRiverHealth/status/1441434176197042181,FALSE,NA,0,NA,NA,NA,NA,NA,NA,NA,[],NA,NA,NA,NA,Box Elder County_Utah.csv,16,16,0,1,0.3125,0.1875,Both Facebook and Twitter
99959,Southeast Utah Health Department,Utah,Utah,seuthealth,40703,1,NA,NA,NA,1,NA,NA,Southeast Utah Health Department,145575e13,145575e13,2021-11-02 23:57:34 Eastern Daylight Time,11/2/2021,23:57:34,-500,2584668840,Southeast Utah Health Department,"Grand County, Carbon County, Emery County",The Pfizer COVID vaccine for the 5-11 age group is approved and available in our communities! Appointments will be required - you can schedule them now at  https://t.co/DwVZ8iz0tx.  https://t.co/FinCFPM1Ka,en,[],['https://www.seuhealth.com/vaccine-scheduling'],['https://pbs.twimg.com/media/FDPZL9OVQAwyZg3.jpg'],1,2,3,[],[],https://twitter.com/seuthealth/status/1455745945723830274,FALSE,NA,1,https://pbs.twimg.com/media/FDPZL9OVQAwyZg3.jpg,NA,NA,NA,NA,NA,NA,[],NA,NA,NA,NA,Carbon County_Utah.csv,140,42,6,0.09285714285714286,0.05,0.2714285714285714,Both Facebook and Twitter
99960,Tri-County Health Department - Utah,Utah,Utah,trico_health,56890,1,NA,NA,NA,1,NA,NA,Tri-County Health Department - Utah,146532e13,146532e13,2021-11-29 08:44:00 Eastern Standard Time,11/29/2021,08:44:00,-500,2492160103,TriCounty Health Department,"Uintah County, Duchesne County, Daggett County","TriCounty Health Department does STI screening, STI prevention counseling and offers condoms to those who need them.  https://t.co/2RUmjgCKNo",en,[],[],['https://pbs.twimg.com/media/FFXYyMHWQAwgz92.jpg'],0,0,0,[],[],https://twitter.com/TriCo_Health/status/1465315612071243782,FALSE,NA,1,https://pbs.twimg.com/media/FFXYyMHWQAwgz92.jpg,NA,NA,NA,NA,NA,NA,[],NA,NA,NA,NA,Daggett County_Utah.csv,56,56,56,0.14285714285714285,0,0,Both Facebook and Twitter
99961,Central Utah Public Health Department,Utah,Utah,cuphd,82854,1,NA,NA,NA,1,NA,NA,Central Utah Public Health Department,144868e13,144868e13,2021-10-14 12:18:15 Eastern Daylight Time,10/14/2021,12:18:15,-500,266226799,CUPHD,"Juab County, Wayne County, Sanpete County, Sevier County, Millard County, Piute County",Test Utah will be doing FREE COVID-19 TESTING every Tuesday and Wednesday from 12 pm- 7 pm.  Register at  https://t.co/KP0nJUil5L to save time when you arrive!  https://t.co/F9hBtPRLyy,en,[],['http://testing.nomihealth.com/dynamic_registration/28/transition'],"['https://pbs.twimg.com/media/FBrC7gnVQAQ4q0u.jpg', 'https://pbs.twimg.com/media/FBrC8WKVIBAJNVg.jpg']",0,0,1,[],[],https://twitter.com/CUPHD/status/1448684587291320323,FALSE,NA,1,https://pbs.twimg.com/media/FBrC7gnVQAQ4q0u.jpg,NA,NA,NA,NA,NA,NA,[],NA,NA,NA,NA,Piute County_Utah.csv,32,32,8,1,0.125,0,Both Facebook and Twitter
99962,Weber-Morgan Health Department - Utah,Utah,Utah,webermorganhd,275120,1,NA,NA,NA,1,NA,NA,Weber-Morgan Health Department - Utah,146574e13,146574e13,2021-11-30 12:43:45 Eastern Standard Time,11/30/2021,12:43:45,-500,24958111,Weber-Morgan Health,"Weber County, Morgan County","Applications Due TODAY! Help create a food system thatâ€™s affordable, fair, &amp; nutritious by becoming a member of the Ogden Food Policy Council! Go to  https://t.co/QoiIKBhEDJ or Spanish Application:  https://t.co/ELXrbi1uDW  #ogden #foodsecurity #getinvolved",en,[],"['http://tinyurl.com/OgdenFPC2021Eng', 'http://tinyurl.com/OgdenFPC2021Span']",[],0,1,2,"['ogden', 'foodsecurity', 'getinvolved']",[],https://twitter.com/WeberMorganHD/status/1465738332072124417,FALSE,NA,0,NA,NA,NA,NA,NA,NA,NA,[],NA,NA,NA,NA,Morgan County_Utah.csv,60,60,59,1.75,0.36666666666666664,0.05,Both Facebook and Twitter
99963,Eastern Shore Health Department - Virginia,Virginia,Virginia,NA,43911,0,NA,NA,NA,1,NA,NA,Eastern Shore Health Department - Virginia,NA,NA,NA,NA,NA,NA,NA,NA,"Northampton County, Accomack County",NA,NA,NA,NA,NA,NA,NA,NA,NA,NA,NA,NA,NA,NA,NA,NA,NA,NA,NA,NA,NA,NA,NA,NA,NA,NA,NA,NA,NA,NA,NA,NA,NA,Facebook but no Twitter
99964,Blue Ridge Health District - Virginia,Virginia,Virginia,healthybrhd,258042,1,NA,NA,NA,1,NA,NA,Blue Ridge Health District - Virginia,146574e13,146574e13,2021-11-30 12:53:04 Eastern Standard Time,11/30/2021,12:53:04,-500,3905016019,Blue Ridge Health District,"Albemarle County, Nelson County, Louisa County, Greene County, Charlottesville city, Fluvanna County","Hey Yancey! Weâ€™re headed your way today with free flu and COVID vaccines!   Join us: 3:00-6:00pm at the Yancey Community Center (7625 Porters Road, Esmont, VA 22937).  https://t.co/GfCmQu7fot",en,[],[],"['https://pbs.twimg.com/media/FFdbX1WXMAEh7Qm.jpg', 'https://pbs.twimg.com/media/FFdbX1XWYAYZUAp.jpg', 'https://pbs.twimg.com/media/FFdbX1YWUAMJEBo.jpg']",0,1,2,[],[],https://twitter.com/HealthyBRHD/status/1465740677271244805,FALSE,NA,1,https://pbs.twimg.com/media/FFdbX1WXMAEh7Qm.jpg,NA,NA,NA,NA,NA,NA,[],NA,NA,NA,NA,Albemarle County_Virginia.csv,224,224,224,1.5982142857142858,1.0535714285714286,0.5089285714285714,Both Facebook and Twitter
99965,Roanoke City and Alleghany Health Districts - Virginia,Virginia,Virginia,healthyrcahd,277957,1,NA,NA,NA,1,NA,NA,Roanoke City and Alleghany Health Districts - Virginia,127037e13,127037e13,2020-06-09 10:57:59 Eastern Daylight Time,6/9/2020,10:57:59,-500,125e16,Roanoke City and Alleghany Health District,"Alleghany County, Botetourt County, Roanoke County, Salem city, Craig County, Covington city, Roanoke city","Iâ€™ve got you covered!  Wearing a face covering helps protect others. Cloth face coverings slow the spread of COVID-19. They can be made from household items, such as a piece of cloth and rubber bands, a bandana, or a scarf. #IveGotYouCovered. Let us know who you cover for!  https://t.co/icPdpq4xnd",en,[],[],['https://pbs.twimg.com/media/EaFCHliWAAALLcX.jpg'],0,3,1,['ivegotyoucovered'],[],https://twitter.com/HealthyRCAHD/status/1270369559384592384,FALSE,NA,1,https://pbs.twimg.com/media/EaFCHliWAAALLcX.jpg,NA,NA,NA,NA,NA,NA,[],NA,NA,NA,NA,Roanoke city_Virginia.csv,30,30,0,0.7,0.43333333333333335,0,Both Facebook and Twitter
99966,Piedmont Health District,Virginia,Virginia,NA,102368,0,NA,NA,NA,1,NA,NA,Piedmont Health District,NA,NA,NA,NA,NA,NA,NA,NA,"Amelia County, Charlotte County, Buckingham County, Prince Edward County, Nottoway County, Cumberland County, Lunenburg County",NA,NA,NA,NA,NA,NA,NA,NA,NA,NA,NA,NA,NA,NA,NA,NA,NA,NA,NA,NA,NA,NA,NA,NA,NA,NA,NA,NA,NA,NA,NA,NA,NA,Facebook but no Twitter
99967,Central Virginia Health District,Virginia,Virginia,NA,264386,0,NA,NA,NA,1,NA,NA,Central Virginia Health District,NA,NA,NA,NA,NA,NA,NA,NA,"Campbell County, Bedford County, Amherst County, Lynchburg city, Appomattox County",NA,NA,NA,NA,NA,NA,NA,NA,NA,NA,NA,NA,NA,NA,NA,NA,NA,NA,NA,NA,NA,NA,NA,NA,NA,NA,NA,NA,NA,NA,NA,NA,NA,Facebook but no Twitter
99968,Central Shenandoah Health District - Virginia,Virginia,Virginia,augustahealthva,302782,0,NA,NA,NA,1,NA,NA,Central Shenandoah Health District - Virginia,146429e13,146429e13,2021-11-26 13:01:51 Eastern Standard Time,11/26/2021,13:01:51,-500,946029018,Augusta Health,"Rockingham County, Bath County, Staunton city, Highland County, Rockbridge County, Augusta County, Waynesboro city, Harrisonburg city, Lexington city, Buena Vista city",In partnership with the Central Shenandoah Health District (CSHD) we continue to offer community vaccinations for #COVID19. Go to  https://t.co/JzXfTq4ICB to schedule an appointment. #wecandothis #ShenValley #vaxthevalley  https://t.co/tJ5RFwAVgc,en,[],['http://vaccinate.augustahealth.com'],['https://pbs.twimg.com/media/FFI3Bh7X0AgUIN7.jpg'],0,0,0,"['covid19', 'wecandothis', 'shenvalley', 'vaxthevalley']",[],https://twitter.com/AugustaHealthVA/status/1464293337939259399,FALSE,NA,1,https://pbs.twimg.com/media/FFI3Bh7X0AgUIN7.jpg,NA,NA,NA,NA,NA,NA,[],NA,NA,NA,NA,Augusta County_Virginia.csv,80,80,37,0.875,0.3375,0.05,Both Facebook and Twitter
99969,Mount Rogers Health District - Virginia,Virginia,Virginia,mrhdvdh,159216,1,NA,NA,NA,1,NA,NA,Mount Rogers Health District - Virginia,132e16,132e16,2020-10-22 10:49:38 Eastern Daylight Time,10/22/2020,10:49:38,-500,277535638,Mt. Rogers Health Dt,"Washington County, Bristol city, Bland County, Carroll County, Grayson County, Galax city, Smyth County","FREE dental extractions today, tomorrow, and Saturday in Abingdon.  https://t.co/h5bIBD2ydG",en,[],[],['https://pbs.twimg.com/media/Ek8PF-iVMAYhQfR.jpg'],0,1,2,[],[],https://twitter.com/MRHDvdh/status/1319289817155289088,FALSE,NA,1,https://pbs.twimg.com/media/Ek8PF-iVMAYhQfR.jpg,NA,NA,NA,NA,NA,NA,[],NA,NA,NA,NA,Bland County_Virginia.csv,140,140,0,0.5214285714285715,0.42142857142857143,0.04285714285714286,Both Facebook and Twitter
99970,Southside Health District,Virginia,Virginia,NA,80349,0,NA,NA,NA,1,NA,NA,Southside Health District,NA,NA,NA,NA,NA,NA,NA,NA,"Halifax County, Mecklenburg County, Brunswick County",NA,NA,NA,NA,NA,NA,NA,NA,NA,NA,NA,NA,NA,NA,NA,NA,NA,NA,NA,NA,NA,NA,NA,NA,NA,NA,NA,NA,NA,NA,NA,NA,NA,Facebook but no Twitter
99971,Cumberland Plateau Health District - Virginia,Virginia,Virginia,NA,101867,0,NA,NA,NA,1,NA,NA,Cumberland Plateau Health District - Virginia,NA,NA,NA,NA,NA,NA,NA,NA,"Russell County, Buchanan County, Tazewell County, Dickenson County",NA,NA,NA,NA,NA,NA,NA,NA,NA,NA,NA,NA,NA,NA,NA,NA,NA,NA,NA,NA,NA,NA,NA,NA,NA,NA,NA,NA,NA,NA,NA,NA,NA,Facebook but no Twitter
99972,Rappahannock Area Health District - Virginia,Virginia,Virginia,rappahannockd,382930,1,NA,NA,NA,1,NA,NA,Rappahannock Area Health District - Virginia,14657e14,14657e14,2021-11-30 10:08:40 Eastern Standard Time,11/30/2021,10:08:40,-500,124967e13,Rappahannock Area Health District,"King George County, Spotsylvania County, Caroline County, Stafford County, Fredericksburg city",RAHD's Daily #COVID19 Surveillance Report  https://t.co/DLbktW9rhx,en,[],[],['https://pbs.twimg.com/media/FFc1vLpUcAs6mdh.jpg'],0,1,0,['covid19'],[],https://twitter.com/RappahannockD/status/1465699307068166150,FALSE,NA,1,https://pbs.twimg.com/media/FFc1vLpUcAs6mdh.jpg,NA,NA,NA,NA,NA,NA,[],NA,NA,NA,NA,Caroline County_Virginia.csv,139,139,139,0.4316546762589928,1.079136690647482,0.05755395683453238,Both Facebook and Twitter
99973,Chickahominy Health District - Virginia,Virginia,Virginia,NA,163162,0,NA,NA,NA,1,NA,NA,Chickahominy Health District - Virginia,NA,NA,NA,NA,NA,NA,NA,NA,"Charles City County, New Kent County, Hanover County, Goochland County",NA,NA,NA,NA,NA,NA,NA,NA,NA,NA,NA,NA,NA,NA,NA,NA,NA,NA,NA,NA,NA,NA,NA,NA,NA,NA,NA,NA,NA,NA,NA,NA,NA,Facebook but no Twitter
99974,Chesterfield Health District - Virginia,Virginia,Virginia,NA,405598,0,NA,NA,NA,1,NA,NA,Chesterfield Health District - Virginia,NA,NA,NA,NA,NA,NA,NA,NA,"Chesterfield County, Powhatan County, Colonial Heights city",NA,NA,NA,NA,NA,NA,NA,NA,NA,NA,NA,NA,NA,NA,NA,NA,NA,NA,NA,NA,NA,NA,NA,NA,NA,NA,NA,NA,NA,NA,NA,NA,NA,Facebook but no Twitter
99975,Lord Fairfax Health District - Virginia,Virginia,Virginia,NA,241754,0,NA,NA,NA,1,NA,NA,Lord Fairfax Health District - Virginia,NA,NA,NA,NA,NA,NA,NA,NA,"Warren County, Page County, Frederick County, Shenandoah County, Clarke County, Winchester city",NA,NA,NA,NA,NA,NA,NA,NA,NA,NA,NA,NA,NA,NA,NA,NA,NA,NA,NA,NA,NA,NA,NA,NA,NA,NA,NA,NA,NA,NA,NA,NA,NA,Facebook but no Twitter
99976,Rappahannock-Rapidan Health District - Virginia,Virginia,Virginia,NA,183197,0,NA,NA,NA,1,NA,NA,Rappahannock-Rapidan Health District - Virginia,NA,NA,NA,NA,NA,NA,NA,NA,"Fauquier County, Rappahannock County, Culpeper County, Madison County, Orange County",NA,NA,NA,NA,NA,NA,NA,NA,NA,NA,NA,NA,NA,NA,NA,NA,NA,NA,NA,NA,NA,NA,NA,NA,NA,NA,NA,NA,NA,NA,NA,NA,NA,Facebook but no Twitter
99977,Crater Health District - Virginia,Virginia,Virginia,craterhd,154042,1,NA,NA,NA,1,NA,NA,Crater Health District - Virginia,146574e13,146574e13,2021-11-30 12:51:19 Eastern Standard Time,11/30/2021,12:51:19,-500,987434359,CraterHealthDistrict,"Dinwiddie County, Surry County, Prince George County, Greensville County, Sussex County, Petersburg city, Hopewell city, Emporia city",Receiving #homecare is a safer alternative for most. Chances of infection are much lower compared to hospital stays. #homecarehospicemonth  https://t.co/y6D7Aerxyq,en,[],[],['https://pbs.twimg.com/media/FFda-k_XMAwNnkF.jpg'],0,0,0,"['homecare', 'homecarehospicemonth']",[],https://twitter.com/CraterHD/status/1465740236437262347,FALSE,NA,1,https://pbs.twimg.com/media/FFda-k_XMAwNnkF.jpg,NA,NA,NA,NA,NA,NA,[],NA,NA,NA,NA,Dinwiddie County_Virginia.csv,188,188,121,0.44680851063829785,0.31382978723404253,0.03723404255319149,Both Facebook and Twitter
99978,Three Rivers Health District - Virginia,Virginia,Virginia,NA,142227,0,NA,NA,NA,1,NA,NA,Three Rivers Health District - Virginia,NA,NA,NA,NA,NA,NA,NA,NA,"Gloucester County, Westmoreland County, Northumberland County, Middlesex County, Richmond County, Essex County, King and Queen County, King William County, Mathews County, Lancaster County",NA,NA,NA,NA,NA,NA,NA,NA,NA,NA,NA,NA,NA,NA,NA,NA,NA,NA,NA,NA,NA,NA,NA,NA,NA,NA,NA,NA,NA,NA,NA,NA,NA,Facebook but no Twitter
99979,New River Health District - Virginia,Virginia,Virginia,NA,183021,0,NA,NA,NA,1,NA,NA,New River Health District - Virginia,NA,NA,NA,NA,NA,NA,NA,NA,"Montgomery County, Pulaski County, Giles County, Radford city, Floyd County",NA,NA,NA,NA,NA,NA,NA,NA,NA,NA,NA,NA,NA,NA,NA,NA,NA,NA,NA,NA,NA,NA,NA,NA,NA,NA,NA,NA,NA,NA,NA,NA,NA,Facebook but no Twitter
99980,West Piedmont Health District - Virginia,Virginia,Virginia,NA,136324,0,NA,NA,NA,1,NA,NA,West Piedmont Health District - Virginia,NA,NA,NA,NA,NA,NA,NA,NA,"Martinsville city, Franklin County, Henry County, Patrick County",NA,NA,NA,NA,NA,NA,NA,NA,NA,NA,NA,NA,NA,NA,NA,NA,NA,NA,NA,NA,NA,NA,NA,NA,NA,NA,NA,NA,NA,NA,NA,NA,NA,Facebook but no Twitter
99981,Western Tidewater Health District - Virginia,Virginia,Virginia,NA,157107,0,NA,NA,NA,0,NA,NA,Western Tidewater Health District - Virginia,NA,NA,NA,NA,NA,NA,NA,NA,"Isle of Wight County, Southampton County, Franklin city, Suffolk city",NA,NA,NA,NA,NA,NA,NA,NA,NA,NA,NA,NA,NA,NA,NA,NA,NA,NA,NA,NA,NA,NA,NA,NA,NA,NA,NA,NA,NA,NA,NA,NA,NA,No Facebook or Twitter
99982,Hampton and Peninsula Health Districts - Virginia,Virginia,Virginia,hamp_pen_lhd,488853,1,NA,NA,NA,1,NA,NA,Hampton and Peninsula Health Districts - Virginia,144e16,144e16,2021-09-20 16:28:39 Eastern Daylight Time,9/20/2021,16:28:39,-500,123311e13,Hampton-Peninsula Health District,"James City County, York County, Hampton city, Newport News city, Williamsburg city, Poquoson city","Don't forget! FREE TESTING EVENT TOMORROW, 9/21 12-3PM or while supplies last! We will be at New Zion Baptist Church! See you there!  https://t.co/ms3ZiklJNB",en,[],['https://www.instagram.com/p/CUDo6fjpuBG/?utm_medium=twitter'],[],0,0,0,[],[],https://twitter.com/hamp_pen_LHD/status/1440050291970170888,FALSE,NA,0,NA,NA,NA,NA,NA,NA,NA,[],NA,NA,NA,NA,James City County_Virginia.csv,80,80,0,0.0125,0,0,Both Facebook and Twitter
99983,Lenowisco Health District - Virginia,Virginia,Virginia,lenowiscohd,86058,1,NA,NA,NA,1,NA,NA,Lenowisco Health District - Virginia,146354e13,146354e13,2021-11-24 10:50:02 Eastern Standard Time,11/24/2021,10:50:02,-500,3377221557,LENOWISCO Health District,"Wise County, Norton city, Lee County, Scott County",https://t.co/P9HXacl12b,und,[],[],['https://pbs.twimg.com/media/FE-Frb6XwAIfMZ9.jpg'],0,0,0,[],[],https://twitter.com/LenowiscoHD/status/1463535388937494533,FALSE,NA,1,https://pbs.twimg.com/media/FE-Frb6XwAIfMZ9.jpg,NA,NA,NA,NA,NA,NA,[],NA,NA,NA,NA,Lee County_Virginia.csv,81,71,7,0.2839506172839506,0.3703703703703703,0.07407407407407407,Both Facebook and Twitter
99984,Pittsylvania-Danville Health District - Virginia,Virginia,Virginia,NA,99719,0,NA,NA,NA,1,NA,NA,Pittsylvania-Danville Health District - Virginia,NA,NA,NA,NA,NA,NA,NA,NA,"Pittsylvania County, Danville city",NA,NA,NA,NA,NA,NA,NA,NA,NA,NA,NA,NA,NA,NA,NA,NA,NA,NA,NA,NA,NA,NA,NA,NA,NA,NA,NA,NA,NA,NA,NA,NA,NA,Facebook but no Twitter
99985,Prince William Health District - Virginia,Virginia,Virginia,NA,534406,0,NA,NA,NA,1,NA,NA,Prince William Health District - Virginia,NA,NA,NA,NA,NA,NA,NA,NA,"Prince William County, Manassas city, Manassas Park city",NA,NA,NA,NA,NA,NA,NA,NA,NA,NA,NA,NA,NA,NA,NA,NA,NA,NA,NA,NA,NA,NA,NA,NA,NA,NA,NA,NA,NA,NA,NA,NA,NA,Facebook but no Twitter
99986,Northeast Tri-County Health District - Washington,Washington,Washington,ferryhealth,68263,0,NA,NA,NA,1,NA,NA,Northeast Tri-County Health District - Washington,13857e14,13857e14,2021-04-23 16:47:29 Eastern Daylight Time,4/23/2021,16:47:29,-500,134e16,Ferry County Health,"Stevens County, Ferry County, Pend Oreille County",4/23/2021 News Release from Northeast Tri County Health District: Increased COVID-19 Disease activity Please see a attached from NETCHD regarding the surge of COVID cases in our community   https://t.co/VzainR7D54  https://t.co/oaMYqbxPyl,en,[],['https://www.netchd.org/news/article/news/increased-covid-19-disease-activity/'],['https://pbs.twimg.com/media/Ezr78Y1XoAAEQbS.jpg'],1,0,0,[],[],https://twitter.com/FerryHealth/status/1385696851928682499,FALSE,NA,1,https://pbs.twimg.com/media/Ezr78Y1XoAAEQbS.jpg,NA,NA,NA,NA,NA,NA,[],NA,NA,NA,NA,Ferry County_Washington.csv,0,0,0,0,0,0,Both Facebook and Twitter
99987,Mid-Ohio Valley Health Department - West Virginia,West Virginia,West Virginia,NA,126007,0,NA,NA,NA,1,NA,NA,Mid-Ohio Valley Health Department - West Virginia,NA,NA,NA,NA,NA,NA,NA,NA,"Ritchie County, Roane County, Pleasants County, Calhoun County, Wirt County, Wood County",NA,NA,NA,NA,NA,NA,NA,NA,NA,NA,NA,NA,NA,NA,NA,NA,NA,NA,NA,NA,NA,NA,NA,NA,NA,NA,NA,NA,NA,NA,NA,NA,NA,Facebook but no Twitter
