id,conversation_id,created_at,date,time,timezone,user_id,username,name,place,tweet,language,mentions,urls,photos,replies_count,retweets_count,likes_count,hashtags,cashtags,link,retweet,quote_url,video,thumbnail,near,geo,source,user_rt_id,user_rt,retweet_id,reply_to,retweet_date,translate,trans_src,trans_dest
1467910913659478023,1467910913659478023,2021-12-06 12:36:48 Eastern Standard Time,2021-12-06,12:36:48,-0500,2463663026,greenenyhealth,Greene County Public Health Department,,"Town breakdown as of December 3, 2021  https://t.co/8oT31UY7vR",en,[],[],['https://pbs.twimg.com/media/FF8RJ46XIAEFPNJ.jpg'],0,0,0,[],[],https://twitter.com/GreeneNYHealth/status/1467910913659478023,False,,1,https://pbs.twimg.com/media/FF8RJ46XIAEFPNJ.jpg,,,,,,,[],,,,
1458176174299955206,1458176174299955206,2021-11-09 15:54:26 Eastern Standard Time,2021-11-09,15:54:26,-0500,2463663026,greenenyhealth,Greene County Public Health Department,, https://t.co/1T82hx7uBZ,und,[],[],['https://pbs.twimg.com/media/FDx7eZYWEAIMfUJ.jpg'],0,1,1,[],[],https://twitter.com/GreeneNYHealth/status/1458176174299955206,False,,1,https://pbs.twimg.com/media/FDx7eZYWEAIMfUJ.jpg,,,,,,,[],,,,
1455269496122454017,1455269496122454017,2021-11-01 16:24:20 Eastern Daylight Time,2021-11-01,16:24:20,-0500,2463663026,greenenyhealth,Greene County Public Health Department,, https://t.co/odejLWTJKf,und,[],[],['https://pbs.twimg.com/media/FDIn5N_WEAQ1ONW.jpg'],0,0,1,[],[],https://twitter.com/GreeneNYHealth/status/1455269496122454017,False,,1,https://pbs.twimg.com/media/FDIn5N_WEAQ1ONW.jpg,,,,,,,[],,,,
1442581996870512644,1442581996870512644,2021-09-27 16:08:44 Eastern Daylight Time,2021-09-27,16:08:44,-0500,2463663026,greenenyhealth,Greene County Public Health Department,,"Numbers are steadily rising. If you are sick, please stay home from work/school and #gettested for COVID.  https://t.co/Eph2ZcvMgk",en,[],[],['https://pbs.twimg.com/media/FAUUh1yUcAIVQ2n.jpg'],1,1,1,['gettested'],[],https://twitter.com/GreeneNYHealth/status/1442581996870512644,False,,1,https://pbs.twimg.com/media/FAUUh1yUcAIVQ2n.jpg,,,,,,,[],,,,
1433884546257326109,1433884546257326109,2021-09-03 16:08:10 Eastern Daylight Time,2021-09-03,16:08:10,-0500,2463663026,greenenyhealth,Greene County Public Health Department,, https://t.co/g9UWXSXMbv,und,[],[],['https://pbs.twimg.com/media/E-YuY34XEAwyZAn.jpg'],0,0,1,[],[],https://twitter.com/GreeneNYHealth/status/1433884546257326109,False,,1,https://pbs.twimg.com/media/E-YuY34XEAwyZAn.jpg,,,,,,,[],,,,
1433884495330123777,1433884495330123777,2021-09-03 16:07:58 Eastern Daylight Time,2021-09-03,16:07:58,-0500,2463663026,greenenyhealth,Greene County Public Health Department,,Out of 90 active cases: -22 fully vaccinated (24.4%) -4 partially vaccinated (4.4%) -64 unvaccinated (71.1%)  https://t.co/PiJAOTZfd9,en,[],[],['https://pbs.twimg.com/media/E-YuEJyXEAsn4I8.jpg'],0,0,1,[],[],https://twitter.com/GreeneNYHealth/status/1433884495330123777,False,,1,https://pbs.twimg.com/media/E-YuEJyXEAsn4I8.jpg,,,,,,,[],,,,
1433141682187476995,1433141682187476995,2021-09-01 14:56:18 Eastern Daylight Time,2021-09-01,14:56:18,-0500,2463663026,greenenyhealth,Greene County Public Health Department,, https://t.co/LIlmQZI2Yb,und,[],[],['https://pbs.twimg.com/media/E-OKwrRX0AAEF41.jpg'],0,0,1,[],[],https://twitter.com/GreeneNYHealth/status/1433141682187476995,False,,1,https://pbs.twimg.com/media/E-OKwrRX0AAEF41.jpg,,,,,,,[],,,,
1432796796368166912,1432796796368166912,2021-08-31 16:05:50 Eastern Daylight Time,2021-08-31,16:05:50,-0500,2463663026,greenenyhealth,Greene County Public Health Department,, https://t.co/4k71dWq4oA,und,[],[],['https://pbs.twimg.com/media/E-JRFdNWUAAU7DR.jpg'],0,0,1,[],[],https://twitter.com/GreeneNYHealth/status/1432796796368166912,False,,1,https://pbs.twimg.com/media/E-JRFdNWUAAU7DR.jpg,,,,,,,[],,,,
1426275479032672258,1426275479032672258,2021-08-13 16:12:27 Eastern Daylight Time,2021-08-13,16:12:27,-0500,2463663026,greenenyhealth,Greene County Public Health Department,, https://t.co/m2rq3LtGNY,und,[],[],"['https://pbs.twimg.com/media/E8sl9vWXIAU-AKu.jpg', 'https://pbs.twimg.com/media/E8sl-ykXMAQXB96.jpg']",0,0,0,[],[],https://twitter.com/GreeneNYHealth/status/1426275479032672258,False,,1,https://pbs.twimg.com/media/E8sl9vWXIAU-AKu.jpg,,,,,,,[],,,,
1425912616069865473,1425912616069865473,2021-08-12 16:10:34 Eastern Daylight Time,2021-08-12,16:10:34,-0500,2463663026,greenenyhealth,Greene County Public Health Department,, https://t.co/MA3Y1tFzUp,und,[],[],['https://pbs.twimg.com/media/E8nb9p9XIAYsFFC.jpg'],0,0,0,[],[],https://twitter.com/GreeneNYHealth/status/1425912616069865473,False,,1,https://pbs.twimg.com/media/E8nb9p9XIAYsFFC.jpg,,,,,,,[],,,,
1423272275185487875,1423272275185487875,2021-08-05 09:18:48 Eastern Daylight Time,2021-08-05,09:18:48,-0500,2463663026,greenenyhealth,Greene County Public Health Department,,We will be at Ski Windham today from 2:30-4pm with the J&amp;J COVID vaccine...see you there!,en,[],[],[],0,0,0,[],[],https://twitter.com/GreeneNYHealth/status/1423272275185487875,False,,0,,,,,,,,[],,,,
1423001384304185348,1423001384304185348,2021-08-04 15:22:22 Eastern Daylight Time,2021-08-04,15:22:22,-0500,2463663026,greenenyhealth,Greene County Public Health Department,, https://t.co/wwLZ203kvL,und,[],[],"['https://pbs.twimg.com/media/E7-EMeyWYAoSjNK.jpg', 'https://pbs.twimg.com/media/E7-ENfwXoAM_5fp.jpg']",0,0,0,[],[],https://twitter.com/GreeneNYHealth/status/1423001384304185348,False,,1,https://pbs.twimg.com/media/E7-EMeyWYAoSjNK.jpg,,,,,,,[],,,,
1419753259489693697,1419753259489693697,2021-07-26 16:15:29 Eastern Daylight Time,2021-07-26,16:15:29,-0500,2463663026,greenenyhealth,Greene County Public Health Department,,"Here are the numbers for Monday, July 26th.  https://t.co/5sBgzc4Ie4",en,[],[],['https://pbs.twimg.com/media/E7P6BFJWEAME7X0.jpg'],0,1,0,[],[],https://twitter.com/GreeneNYHealth/status/1419753259489693697,False,,1,https://pbs.twimg.com/media/E7P6BFJWEAME7X0.jpg,,,,,,,[],,,,
1418230119605444608,1418230119605444608,2021-07-22 11:23:04 Eastern Daylight Time,2021-07-22,11:23:04,-0500,2463663026,greenenyhealth,Greene County Public Health Department,,Come see us at our booth! #PublicHealth #GreeneCountyYouthFair  https://t.co/UeMXMEjB9m,en,[],[],['https://pbs.twimg.com/media/E66QpfGXMAIsWX8.jpg'],0,0,0,"['publichealth', 'greenecountyyouthfair']",[],https://twitter.com/GreeneNYHealth/status/1418230119605444608,False,,1,https://pbs.twimg.com/media/E66QpfGXMAIsWX8.jpg,,,,,,,[],,,,
1418226998284066816,1418226998284066816,2021-07-22 11:10:40 Eastern Daylight Time,2021-07-22,11:10:40,-0500,2463663026,greenenyhealth,Greene County Public Health Department,,Here are the numbers for July 21st.  https://t.co/F38vz2AY9o,en,[],[],['https://pbs.twimg.com/media/E66N5C9WEAAtbHU.jpg'],0,0,0,[],[],https://twitter.com/GreeneNYHealth/status/1418226998284066816,False,,1,https://pbs.twimg.com/media/E66N5C9WEAAtbHU.jpg,,,,,,,[],,,,
1417162597426683910,1417162597426683910,2021-07-19 12:41:07 Eastern Daylight Time,2021-07-19,12:41:07,-0500,2463663026,greenenyhealth,Greene County Public Health Department,,"Here's a list of Greene County pharmacies that provide the COVID19 vaccine for free on a walk-in basis. Please call ahead to see which vaccine they are carrying that day (Pfizer/Moderna/J&amp;J). For homebound residents, call 518-719-3600 to arrange a home visit for the vaccine.  https://t.co/y9v8QVQA2W",en,[],[],['https://pbs.twimg.com/media/E6rF3yMXoAIK-JH.jpg'],0,3,0,[],[],https://twitter.com/GreeneNYHealth/status/1417162597426683910,False,,1,https://pbs.twimg.com/media/E6rF3yMXoAIK-JH.jpg,,,,,,,[],,,,
1415034289671086080,1415034289671086080,2021-07-13 15:43:59 Eastern Daylight Time,2021-07-13,15:43:59,-0500,2463663026,greenenyhealth,Greene County Public Health Department,,"Greene County's next Drive-Up ONLY Rabies Clinic for Greene County residents will be on August 25th from 5-7pm at Angelo Canna Park in Cairo, NY. The vaccine is free; donations will be accepted to defray the program cost. Please CALL to PRE-REGISTER!  https://t.co/ChOMSJKZuu",en,[],[],['https://pbs.twimg.com/media/E6M2HTzWEAAvTMR.jpg'],0,0,0,[],[],https://twitter.com/GreeneNYHealth/status/1415034289671086080,False,,1,https://pbs.twimg.com/media/E6M2HTzWEAAvTMR.jpg,,,,,,,[],,,,
1301588431919812609,1301588431919812609,2020-09-03 14:30:39 Eastern Daylight Time,2020-09-03,14:30:39,-0500,2463663026,greenenyhealth,Greene County Public Health Department,,"Here are our numbers for today, September 3rd.  As of now, 15,183 Greene County residents have been tested for COVID-19 and only 2.0% of those tests have been positive.  https://t.co/0NIzfl7hBk",en,[],[],['https://pbs.twimg.com/media/EhArg_WWoAgJKDL.jpg'],0,0,1,[],[],https://twitter.com/GreeneNYHealth/status/1301588431919812609,False,,1,https://pbs.twimg.com/media/EhArg_WWoAgJKDL.jpg,,,,,,,[],,,,
1300862968100466689,1300862968100466689,2020-09-01 14:27:55 Eastern Daylight Time,2020-09-01,14:27:55,-0500,2463663026,greenenyhealth,Greene County Public Health Department,,"Here are the numbers for today September 1, 2020. As of today, 14,890 people have been tested for COVID-19 and 2.1% have come back positive.  https://t.co/lb6f9u6ufI",en,[],[],['https://pbs.twimg.com/media/Eg2X-HFXkAIc5Jq.jpg'],0,0,1,[],[],https://twitter.com/GreeneNYHealth/status/1300862968100466689,False,,1,https://pbs.twimg.com/media/Eg2X-HFXkAIc5Jq.jpg,,,,,,,[],,,,
1300504780570341377,1300504780570341377,2020-08-31 14:44:36 Eastern Daylight Time,2020-08-31,14:44:36,-0500,2463663026,greenenyhealth,Greene County Public Health Department,,"Here are the numbers for today August 31, 2020. As of today, 14,752 people have been tested for COVID-19 and 2.1% have come back positive.  https://t.co/4nYceIuA6V",en,[],[],['https://pbs.twimg.com/media/EgxSMz7X0AA3ttZ.jpg'],0,0,0,[],[],https://twitter.com/GreeneNYHealth/status/1300504780570341377,False,,1,https://pbs.twimg.com/media/EgxSMz7X0AA3ttZ.jpg,,,,,,,[],,,,
1299433022991855616,1299433022991855616,2020-08-28 15:45:49 Eastern Daylight Time,2020-08-28,15:45:49,-0500,2463663026,greenenyhealth,Greene County Public Health Department,,"Here are the numbers for today August 28, 2020. As of today, 14,292 people have been tested for COVID-19 and 2.1% have come back positive.  https://t.co/g6QXDW6Qz3",en,[],[],['https://pbs.twimg.com/media/EgiDTqbXYAACSvA.jpg'],0,0,0,[],[],https://twitter.com/GreeneNYHealth/status/1299433022991855616,False,,1,https://pbs.twimg.com/media/EgiDTqbXYAACSvA.jpg,,,,,,,[],,,,
1297992068938309632,1297992068938309632,2020-08-24 16:19:59 Eastern Daylight Time,2020-08-24,16:19:59,-0500,2463663026,greenenyhealth,Greene County Public Health Department,,"Here are our numbers for today, August 24th. As of now, 13,667 Greene County residents have been tested for COVID19 and only 2.2% of those tests have been positive.  https://t.co/ZgdSOTQbOV",en,[],[],['https://pbs.twimg.com/media/EgNk54sWoAYA_ph.jpg'],0,0,0,[],[],https://twitter.com/GreeneNYHealth/status/1297992068938309632,False,,1,https://pbs.twimg.com/media/EgNk54sWoAYA_ph.jpg,,,,,,,[],,,,
1296525299824431109,1296525299824431109,2020-08-20 15:11:34 Eastern Daylight Time,2020-08-20,15:11:34,-0500,2463663026,greenenyhealth,Greene County Public Health Department,,"Lead recall alert! For additional information on children's hazardous products recalls, please visit:  https://t.co/LlFxPquO9L    https://t.co/gzcD1quEZl",en,[],"['https://health.ny.gov/environmental/children/recalls.htm', 'https://cpsc.gov/Recalls/2020/Hasbro-Recalls-Super-Soaker-XP-20-and-XP-30-Water-Blasters-Due-to-Violation-of-Federal-Lead-Content-Ban-Sold-Exclusively-at-Target']",[],0,0,0,[],[],https://twitter.com/GreeneNYHealth/status/1296525299824431109,False,,0,,,,,,,,[],,,,
1296162432969314305,1296162432969314305,2020-08-19 15:09:40 Eastern Daylight Time,2020-08-19,15:09:40,-0500,2463663026,greenenyhealth,Greene County Public Health Department,,"Here are our numbers for today, August 19th. As of now, 12,927 Greene County residents have been tested for COVID-19 and only 2.3% of people have tested positive.  https://t.co/z3tNtYq6sV",en,[],[],['https://pbs.twimg.com/media/EfzknKGWkAEIVkR.jpg'],0,0,0,[],[],https://twitter.com/GreeneNYHealth/status/1296162432969314305,False,,1,https://pbs.twimg.com/media/EfzknKGWkAEIVkR.jpg,,,,,,,[],,,,
1296100880173993984,1296100880173993984,2020-08-19 11:05:04 Eastern Daylight Time,2020-08-19,11:05:04,-0500,2463663026,greenenyhealth,Greene County Public Health Department,,This may be a game changer! Keep your eyes out for more information on this new form of testing.  https://t.co/vXam365XqC,en,[],['https://www.statnews.com/2020/08/15/fda-clears-saliva-test-for-covid-19-opening-door-to-wider-testing/?utm_content=buffer2eee0&utm_medium=social&utm_source=twitter&utm_campaign=twitter_organic&fbclid=IwAR3Zo-p6uvXPAGvwM_hwOYV8D8Tjez_h7ckNE7cSm2kU1W7pEcP8HBNKwQo'],[],0,0,0,[],[],https://twitter.com/GreeneNYHealth/status/1296100880173993984,False,,0,,,,,,,,[],,,,
1295794292548669443,1295794292548669443,2020-08-18 14:46:48 Eastern Daylight Time,2020-08-18,14:46:48,-0500,2463663026,greenenyhealth,Greene County Public Health Department,,"Here are the numbers for August 18, 2020. As of today, 12,692 people have been tested for COVID-19 with 2.4% coming back positive.  https://t.co/Q0TyTD7uMg",en,[],[],['https://pbs.twimg.com/media/EfuVwr5WoAAe1AI.jpg'],0,0,0,[],[],https://twitter.com/GreeneNYHealth/status/1295794292548669443,False,,1,https://pbs.twimg.com/media/EfuVwr5WoAAe1AI.jpg,,,,,,,[],,,,
1295757884484198400,1295757884484198400,2020-08-18 12:22:08 Eastern Daylight Time,2020-08-18,12:22:08,-0500,2463663026,greenenyhealth,Greene County Public Health Department,,"Parents, remember that well-child visits are essential. Vaccination helps provide immunity before children are exposed to potentially life-threatening diseases See more information for parents here:  https://t.co/leoyLTvXcU",en,[],['https://go.usa.gov/xyPFY'],[],0,0,0,[],[],https://twitter.com/GreeneNYHealth/status/1295757884484198400,False,,0,,,,,,,,[],,,,
1245696071948472324,1245696071948472324,2020-04-02 08:54:22 Eastern Daylight Time,2020-04-02,08:54:22,-0500,2463663026,greenenyhealth,Greene County Public Health Department,,From Greene County Family Planning  https://t.co/vadg7WzuEL,en,[],[],['https://pbs.twimg.com/media/EUmZ7AYWAAIM5jU.png'],0,0,0,[],[],https://twitter.com/GreeneNYHealth/status/1245696071948472324,False,,1,https://pbs.twimg.com/media/EUmZ7AYWAAIM5jU.png,,,,,,,[],,,,
1240633723420377093,1240633723420377093,2020-03-19 09:38:24 Eastern Daylight Time,2020-03-19,09:38:24,-0500,2463663026,greenenyhealth,Greene County Public Health Department,, https://t.co/DPitxJtpDq PSA from the New York State Department of Health,en,[],['https://www.youtube.com/watch?v=LQ2_4GlB_yo&feature=youtu.be'],[],0,0,0,[],[],https://twitter.com/GreeneNYHealth/status/1240633723420377093,False,,0,,,,,,,,[],,,,
1240262210833780736,1240262210833780736,2020-03-18 09:02:08 Eastern Daylight Time,2020-03-18,09:02:08,-0500,2463663026,greenenyhealth,Greene County Public Health Department,,"EDIT: ATTENTION: For Any Questions Regarding COVID-19 in Greene County, Call (518) 635-5165 between 9:00 AM and 5:00 PM.  If you believe you should be tested for COVID-19, Contact Columbia Memorial Hospital at (518) 828-8249 for screening and more information.",en,[],[],[],0,0,0,[],[],https://twitter.com/GreeneNYHealth/status/1240262210833780736,False,,0,,,,,,,,[],,,,
1239981651515629569,1239981651515629569,2020-03-17 14:27:18 Eastern Daylight Time,2020-03-17,14:27:18,-0500,2463663026,greenenyhealth,Greene County Public Health Department,,"ATTENTION: For Any Questions Regarding COVID-19 in Greene County, Call (518) 635-5165 between 8:30 AM and 4:30 PM.  If you believe you should be tested for COVID-19, Contact Columbia Memorial Hospital at (518) 828-8249 for screening and more information.",en,[],[],[],0,2,3,[],[],https://twitter.com/GreeneNYHealth/status/1239981651515629569,False,,0,,,,,,,,[],,,,
1237719741042696198,1237719741042696198,2020-03-11 08:39:16 Eastern Daylight Time,2020-03-11,08:39:16,-0500,2463663026,greenenyhealth,Greene County Public Health Department,,Please share!  https://t.co/gHuQiUTGFe,en,[],[],['https://pbs.twimg.com/media/ES1DhWrXsAAoc--.png'],0,0,0,[],[],https://twitter.com/GreeneNYHealth/status/1237719741042696198,False,,1,https://pbs.twimg.com/media/ES1DhWrXsAAoc--.png,,,,,,,[],,,,
1234915482224005120,1234915482224005120,2020-03-03 13:56:09 Eastern Standard Time,2020-03-03,13:56:09,-0500,2463663026,greenenyhealth,Greene County Public Health Department,,Now and all year long!,en,[],[],[],0,0,2,[],[],https://twitter.com/GreeneNYHealth/status/1234915482224005120,False,https://twitter.com/RedCross/status/1234891736805232645,0,,,,,,,,[],,,,
1227625182304624640,1227625182304624640,2020-02-12 11:07:06 Eastern Standard Time,2020-02-12,11:07:06,-0500,2463663026,greenenyhealth,Greene County Public Health Department,,Take care of your heart! #NationalHeartMonth,en,[],[],[],0,0,1,['nationalheartmonth'],[],https://twitter.com/GreeneNYHealth/status/1227625182304624640,False,https://twitter.com/drtaranarula/status/1227257392775204864,0,,,,,,,,[],,,,
1226871540978987008,1226871540978987008,2020-02-10 09:12:24 Eastern Standard Time,2020-02-10,09:12:24,-0500,2463663026,greenenyhealth,Greene County Public Health Department,,What New Yorkers should know about coronavirus  https://t.co/Q8YoEz5qPv,en,[],['https://www.youtube.com/watch?v=QZnYfqqhMk0'],[],0,0,1,[],[],https://twitter.com/GreeneNYHealth/status/1226871540978987008,False,,0,,,,,,,,[],,,,
1224708390364024832,1224708390364024832,2020-02-04 09:56:48 Eastern Standard Time,2020-02-04,09:56:48,-0500,2463663026,greenenyhealth,Greene County Public Health Department,, https://t.co/rPhxGZSkNU,und,[],[],['https://pbs.twimg.com/media/EP8JyW-XkAk3Arw.jpg'],0,0,0,[],[],https://twitter.com/GreeneNYHealth/status/1224708390364024832,False,,1,https://pbs.twimg.com/media/EP8JyW-XkAk3Arw.jpg,,,,,,,[],,,,
1220768422767796224,1220768422767796224,2020-01-24 13:00:47 Eastern Standard Time,2020-01-24,13:00:47,-0500,2463663026,greenenyhealth,Greene County Public Health Department,,Our 2020 #rabies clinic schedule is out!  https://t.co/BbVBY5JvXV,en,[],[],['https://pbs.twimg.com/media/EPEKZwKXUAI3NFW.jpg'],0,0,0,['rabies'],[],https://twitter.com/GreeneNYHealth/status/1220768422767796224,False,,1,https://pbs.twimg.com/media/EPEKZwKXUAI3NFW.jpg,,,,,,,[],,,,
1172514834811949057,1172514834811949057,2019-09-13 10:18:15 Eastern Daylight Time,2019-09-13,10:18:15,-0500,2463663026,greenenyhealth,Greene County Public Health Department,, https://t.co/qzKKnsMnZr  This article will help to answer your questions about the recent vaping-related illnesses in the news.,en,[],['https://www.cnn.com/2019/09/10/health/vaping-outbreak-2019-explainer/index.html'],[],0,0,1,[],[],https://twitter.com/GreeneNYHealth/status/1172514834811949057,False,,0,,,,,,,,[],,,,
1166755711688302596,1166755711688302596,2019-08-28 12:53:33 Eastern Daylight Time,2019-08-28,12:53:33,-0500,2463663026,greenenyhealth,Greene County Public Health Department,,PRODUCT RECALL:  Excessive amounts of #lead have been found in the following items.  https://t.co/cccQ3wF4yK,en,[],[],"['https://pbs.twimg.com/media/EDEmIFzW4AATkEf.jpg', 'https://pbs.twimg.com/media/EDEmIF4XsAAUnYW.jpg', 'https://pbs.twimg.com/media/EDEmIF0W4AEIVy0.jpg']",0,0,1,['lead'],[],https://twitter.com/GreeneNYHealth/status/1166755711688302596,False,,1,https://pbs.twimg.com/media/EDEmIFzW4AATkEf.jpg,,,,,,,[],,,,
1163836214874689536,1163836214874689536,2019-08-20 11:32:31 Eastern Daylight Time,2019-08-20,11:32:31,-0500,2463663026,greenenyhealth,Greene County Public Health Department,,"#DidYouKnow we have 8 kiosks around #GreeneCounty to dispose of your used needles and sharps? Once you drop off your full sharps container, pick up an empty one for free! #ProjectNeedleSmart  https://t.co/T1M0lxb6Nh",en,[],[],['https://pbs.twimg.com/media/ECbG28dWwAEXlst.jpg'],0,0,1,"['didyouknow', 'greenecounty', 'projectneedlesmart']",[],https://twitter.com/GreeneNYHealth/status/1163836214874689536,False,,1,https://pbs.twimg.com/media/ECbG28dWwAEXlst.jpg,,,,,,,[],,,,
1140979797151158272,1140979797151158272,2019-06-18 09:49:16 Eastern Daylight Time,2019-06-18,09:49:16,-0500,2463663026,greenenyhealth,Greene County Public Health Department,,"American Academy of Pediatrics report urges travelers get MMR vaccine in wake of ""record-breaking"" European measles outbreak.  https://t.co/x0aTwgVDTJ",en,[],['https://www.cbsnews.com/news/measles-outbreak-report-urges-travelers-get-mmr-vaccine-in-wake-of-record-breaking-european-outbreak/?fbclid=IwAR3Wkcl4cOi7XSGK1IQLdUkMl0BF21MeLGJVhud954IzGXwYt3czhLwdZh0'],[],0,1,1,[],[],https://twitter.com/GreeneNYHealth/status/1140979797151158272,False,,0,,,,,,,,[],,,,
1137068517898031105,1137068517898031105,2019-06-07 14:47:15 Eastern Daylight Time,2019-06-07,14:47:15,-0500,2463663026,greenenyhealth,Greene County Public Health Department,,‚ö°Ô∏è ‚ÄúOne in every 25 people globally are carrying an STI‚Äù by @Telegraph   https://t.co/NQSpGZluvv,en,"[{'screen_name': 'telegraph', 'name': 'the telegraph', 'id': '16343974'}]",['https://twitter.com/i/moments/1137017832405897217'],[],0,0,0,[],[],https://twitter.com/GreeneNYHealth/status/1137068517898031105,False,,0,,,,,,,,[],,,,
1137067666458521603,1137067666458521603,2019-06-07 14:43:52 Eastern Daylight Time,2019-06-07,14:43:52,-0500,2463663026,greenenyhealth,Greene County Public Health Department,,Learn about the creator of the Apgar score for your newborn #MaternalChildHealth #MarchofDimes,en,[],[],[],0,1,1,"['maternalchildhealth', 'marchofdimes']",[],https://twitter.com/GreeneNYHealth/status/1137067666458521603,False,https://twitter.com/MarchofDimes/status/1137057441731026949,0,,,,,,,,[],,,,
1131583302685593604,1131583302685593604,2019-05-23 11:30:57 Eastern Daylight Time,2019-05-23,11:30:57,-0500,2463663026,greenenyhealth,Greene County Public Health Department,,"Due to a water main break in the Village of Catskill, our offices and the County Building will be closing at noon.",en,[],[],[],0,0,2,[],[],https://twitter.com/GreeneNYHealth/status/1131583302685593604,False,,0,,,,,,,,[],,,,
1125398027332669441,1125398027332669441,2019-05-06 09:52:53 Eastern Daylight Time,2019-05-06,09:52:53,-0500,2463663026,greenenyhealth,Greene County Public Health Department,,We have 4 Million Reasons to Celebrate! #NursesWeek2019  https://t.co/PbHwDbbsGj,en,[],['https://youtu.be/hKE9zv1Gsnw'],[],0,0,0,['nursesweek2019'],[],https://twitter.com/GreeneNYHealth/status/1125398027332669441,False,,0,,,,,,,,[],,,,
1121144046834069510,1121144046834069510,2019-04-24 16:09:05 Eastern Daylight Time,2019-04-24,16:09:05,-0500,2463663026,greenenyhealth,Greene County Public Health Department,,Happy #AdminProfessionalsDay to those who keep us running strong!  https://t.co/8RE4ZJNK0r,en,[],[],['https://pbs.twimg.com/media/D48aeIDXkAEySzV.jpg'],0,0,3,['adminprofessionalsday'],[],https://twitter.com/GreeneNYHealth/status/1121144046834069510,False,,1,https://pbs.twimg.com/media/D48aeIDXkAEySzV.jpg,,,,,,,[],,,,
1119277873980948483,1119277873980948483,2019-04-19 12:33:34 Eastern Daylight Time,2019-04-19,12:33:34,-0500,2463663026,greenenyhealth,Greene County Public Health Department,,#VaccinesWork,und,[],[],[],0,0,0,['vaccineswork'],[],https://twitter.com/GreeneNYHealth/status/1119277873980948483,False,https://twitter.com/SuffolkCoHealth/status/1119247343528960000,0,,,,,,,,[],,,,
1118897072630005760,1118897072630005760,2019-04-18 11:20:24 Eastern Daylight Time,2019-04-18,11:20:24,-0500,2463663026,greenenyhealth,Greene County Public Health Department,,"National Drug Take Back day is Saturday, April 27. Get rid of your expired, unused and unwanted medications in your household. Find local disposal sites at the following link:    https://t.co/oaRKrEuLNg  https://t.co/uJi6IMedDD",en,[],['http://ow.ly/fFA330orgt3'],['https://pbs.twimg.com/media/D4cegxaXsAANM3e.png'],0,1,0,[],[],https://twitter.com/GreeneNYHealth/status/1118897072630005760,False,,1,https://pbs.twimg.com/media/D4cegxaXsAANM3e.png,,,,,,,[],,,,
1113492240268181510,1113492240268181510,2019-04-03 13:23:32 Eastern Daylight Time,2019-04-03,13:23:32,-0500,2463663026,greenenyhealth,Greene County Public Health Department,,It's a beautiful day for a walk! #NationalWalkingDay  https://t.co/LeWoj0yEPS,en,[],[],['https://pbs.twimg.com/media/D3PrSGFWwAAw-it.jpg'],0,1,5,['nationalwalkingday'],[],https://twitter.com/GreeneNYHealth/status/1113492240268181510,False,,1,https://pbs.twimg.com/media/D3PrSGFWwAAw-it.jpg,,,,,,,[],,,,
1113167043333885952,1113167043333885952,2019-04-02 15:51:19 Eastern Daylight Time,2019-04-02,15:51:19,-0500,2463663026,greenenyhealth,Greene County Public Health Department,,"Recall Alert! The following spice product(s) have been found to contain excessive levels of lead:  ‚Ä¢Masala King Ginger Powder ‚Äì (sampled in Bronx, NY*) ‚Ä¢Salma Ginger Ground ‚Äì (sampled in Queens, NY*)  https://t.co/YZUTwr2Gfx",en,[],[],"['https://pbs.twimg.com/media/D3LDEUCXgAI_8wf.jpg', 'https://pbs.twimg.com/media/D3LDEUBXsAA6wN-.jpg']",0,1,2,[],[],https://twitter.com/GreeneNYHealth/status/1113167043333885952,False,,1,https://pbs.twimg.com/media/D3LDEUCXgAI_8wf.jpg,,,,,,,[],,,,
1088870716978720769,1088870716978720769,2019-01-25 13:46:23 Eastern Standard Time,2019-01-25,13:46:23,-0500,2463663026,greenenyhealth,Greene County Public Health Department,,The boil water advisory for the Village of #Catskill has been lifted.,en,[],[],[],0,1,1,['catskill'],[],https://twitter.com/GreeneNYHealth/status/1088870716978720769,False,,0,,,,,,,,[],,,,
1085631635918372865,1085631635918372865,2019-01-16 15:15:26 Eastern Standard Time,2019-01-16,15:15:26,-0500,2463663026,greenenyhealth,Greene County Public Health Department,,Thanks to everyone who used our 8 Sharps Kiosk locations around #GreeneCounty from @PNSCentroCivico. We collected 2432 pounds of sharps in 2018!  https://t.co/59SGYjI0hK,en,"[{'screen_name': 'pnscentrocivico', 'name': 'project needle smart', 'id': '1410305046'}]",[],['https://pbs.twimg.com/media/DxDv2jRXcAAWHBj.jpg'],0,1,3,['greenecounty'],[],https://twitter.com/GreeneNYHealth/status/1085631635918372865,False,,1,https://pbs.twimg.com/media/DxDv2jRXcAAWHBj.jpg,,,,,,,[],,,,
1055464532833959936,1055464532833959936,2018-10-25 10:22:08 Eastern Daylight Time,2018-10-25,10:22:08,-0500,2463663026,greenenyhealth,Greene County Public Health Department,,"Greene County Family Planning offers screening for breast, cervical, and colon cancer. #EarlyDetectionSavesLives",en,[],[],[],0,0,0,['earlydetectionsaveslives'],[],https://twitter.com/GreeneNYHealth/status/1055464532833959936,False,https://twitter.com/SUNY_cgcc/status/1055209927126454272,0,,,,,,,,[],,,,
1050754247489441793,1050754247489441793,2018-10-12 10:25:09 Eastern Daylight Time,2018-10-12,10:25:09,-0500,2463663026,greenenyhealth,Greene County Public Health Department,,October 27 is National Drug Take Back Day. Dispose of unused/unwanted drugs in your home at Hannaford in Cairo and the Coxsackie PD on 119 Mansion St. Hours are 10a-2p.  https://t.co/Bm8dV0OsJY,en,[],[],['https://pbs.twimg.com/media/DpUG6WDWkAEsvO8.jpg'],0,2,3,[],[],https://twitter.com/GreeneNYHealth/status/1050754247489441793,False,,1,https://pbs.twimg.com/media/DpUG6WDWkAEsvO8.jpg,,,,,,,[],,,,
1047495838824615936,1047495838824615936,2018-10-03 10:37:24 Eastern Daylight Time,2018-10-03,10:37:24,-0500,2463663026,greenenyhealth,Greene County Public Health Department,,"On Wednesdays, Public Health wears pink! #MeanGirlsDay  https://t.co/8bCkdgbgrd",en,[],[],['https://pbs.twimg.com/media/DolzrJaXsAAiaVM.jpg'],0,0,1,['meangirlsday'],[],https://twitter.com/GreeneNYHealth/status/1047495838824615936,False,,1,https://pbs.twimg.com/media/DolzrJaXsAAiaVM.jpg,,,,,,,[],,,,
1039551450211393536,1039551450211393536,2018-09-11 12:29:14 Eastern Daylight Time,2018-09-11,12:29:14,-0500,2463663026,greenenyhealth,Greene County Public Health Department,,We remember those who lost their lives 17 years ago today #NeverForget #911Anniversary  https://t.co/ZYTzUpLY89,en,[],[],['https://pbs.twimg.com/media/Dm06U-OXgAAvc6Y.jpg'],0,0,3,"['neverforget', '911anniversary']",[],https://twitter.com/GreeneNYHealth/status/1039551450211393536,False,,1,https://pbs.twimg.com/media/Dm06U-OXgAAvc6Y.jpg,,,,,,,[],,,,
1037406232343203850,1037406232343203850,2018-09-05 14:24:54 Eastern Daylight Time,2018-09-05,14:24:54,-0500,2463663026,greenenyhealth,Greene County Public Health Department,,"Did you know one out of five teens has a diagnosable mental health disorder? The good news is, RAPP is an effective program to help you get your life back on track! üëç  https://t.co/zTSgofZzIP  https://t.co/J6gl6krwaX",en,[],['http://bit.ly/GCFP-RAPP'],['https://pbs.twimg.com/media/DmWbdD9W0AAihau.jpg'],0,0,0,[],[],https://twitter.com/GreeneNYHealth/status/1037406232343203850,False,,1,https://pbs.twimg.com/media/DmWbdD9W0AAihau.jpg,,,,,,,[],,,,
1029029968926453760,1029029968926453760,2018-08-13 11:40:37 Eastern Daylight Time,2018-08-13,11:40:37,-0500,2463663026,greenenyhealth,Greene County Public Health Department,,Our #flu clinic dates are out! Check them out at:  https://t.co/0qJqC06j1b,en,[],['https://www.facebook.com/pg/GreeneNYHealth/events/?ref=page_internal'],[],0,0,0,['flu'],[],https://twitter.com/GreeneNYHealth/status/1029029968926453760,False,,0,,,,,,,,[],,,,
1027218616612270081,1027218616612270081,2018-08-08 11:42:57 Eastern Daylight Time,2018-08-08,11:42:57,-0500,2463663026,greenenyhealth,Greene County Public Health Department,,The boil water advisory for the Village of Catskill is now lifted per the Oneonta District Office.,en,[],[],[],0,0,1,[],[],https://twitter.com/GreeneNYHealth/status/1027218616612270081,False,,0,,,,,,,,[],,,,
1021425761390080000,1021425761390080000,2018-07-23 12:04:13 Eastern Daylight Time,2018-07-23,12:04:13,-0500,2463663026,greenenyhealth,Greene County Public Health Department,,Join us at our booth at the #GreeneCountyYouthFair from July 26-28th! #publichealth #familyplanning #communityhealth,en,[],[],[],0,0,0,"['greenecountyyouthfair', 'publichealth', 'familyplanning', 'communityhealth']",[],https://twitter.com/GreeneNYHealth/status/1021425761390080000,False,,0,,,,,,,,[],,,,
1016725432106971137,1016725432106971137,2018-07-10 12:46:47 Eastern Daylight Time,2018-07-10,12:46:47,-0500,2463663026,greenenyhealth,Greene County Public Health Department,,Catch us at our booth at the #GreeneCounty Youth Fair July 26-28!  https://t.co/TaALyfiYwp,en,[],['http://www.thegreenecountyyouthfair.com/'],[],0,0,0,['greenecounty'],[],https://twitter.com/GreeneNYHealth/status/1016725432106971137,False,,0,,,,,,,,[],,,,
993587273122926594,993587273122926594,2018-05-07 16:24:00 Eastern Daylight Time,2018-05-07,16:24:00,-0500,2463663026,greenenyhealth,Greene County Public Health Department,,#ProjectNeedleSmart stats for Jan-April 2018:  926 lbs. of sharps collected! That is 254 lbs over last year! Keep up the great work #GreeneCountyNY! #sharpssafety #NursesWeek2018,en,[],[],[],0,0,0,"['projectneedlesmart', 'greenecountyny', 'sharpssafety', 'nursesweek2018']",[],https://twitter.com/GreeneNYHealth/status/993587273122926594,False,,0,,,,,,,,[],,,,
985920697963876354,985920697963876354,2018-04-16 12:39:46 Eastern Daylight Time,2018-04-16,12:39:46,-0500,2463663026,greenenyhealth,Greene County Public Health Department,,Don't forget we have FREE sharps containers available at all of our #ProjectNeedleSmart kiosk locations around #GreeneCountyNY when you drop off your full sharps container!  https://t.co/Hbwd540WEx,en,[],['https://twitter.com/DrMikeMendoza/status/984857613727948800'],[],0,0,1,"['projectneedlesmart', 'greenecountyny']",[],https://twitter.com/GreeneNYHealth/status/985920697963876354,False,https://twitter.com/DrMikeMendoza/status/984857613727948800,0,,,,,,,,[],,,,
963838957632016385,963838957632016385,2018-02-14 13:14:49 Eastern Standard Time,2018-02-14,13:14:49,-0500,2463663026,greenenyhealth,Greene County Public Health Department,,Looking for a flu shot?  Learn where to get one near you:  https://t.co/Q8my5IoNNW    https://t.co/ArpKRsUdOY,en,[],"['http://vaccinefinder.org', 'http://health.ny.gov/flu']",[],0,0,1,[],[],https://twitter.com/GreeneNYHealth/status/963838957632016385,False,,0,,,,,,,,[],,,,
958743467202699264,958743467202699264,2018-01-31 11:47:09 Eastern Standard Time,2018-01-31,11:47:09,-0500,2463663026,greenenyhealth,Greene County Public Health Department,,"If you live in #GreeneCountyNY, get tested for STDs like #chlamydia at Greene County Family Planning #publichealth  https://t.co/awQ2DMPl2t",en,[],['https://twitter.com/CDCSTD/status/958696380289241088'],[],0,0,1,"['greenecountyny', 'chlamydia', 'publichealth']",[],https://twitter.com/GreeneNYHealth/status/958743467202699264,False,https://twitter.com/CDCSTD/status/958696380289241088,0,,,,,,,,[],,,,
956907227725606912,956907227725606912,2018-01-26 10:10:36 Eastern Standard Time,2018-01-26,10:10:36,-0500,2463663026,greenenyhealth,Greene County Public Health Department,,@NYGovCuomo signs Executive Order expanding access to children for the #influenza vaccine.  https://t.co/FFnnLRUEg4,en,[],['https://www.governor.ny.gov/news/governor-cuomo-signs-executive-order-combat-widespread-flu-epidemic-new-york'],[],0,0,1,['influenza'],[],https://twitter.com/GreeneNYHealth/status/956907227725606912,False,,0,,,,,,,,[],,,,
953327182780289026,953327182780289026,2018-01-16 13:04:46 Eastern Standard Time,2018-01-16,13:04:46,-0500,2463663026,greenenyhealth,Greene County Public Health Department,,#Opioidcrisis  https://t.co/TPmB6hC4fB,und,[],['https://www.statnews.com/2016/09/29/fentanyl-heroin-photo-fatal-doses/'],[],0,0,0,['opioidcrisis'],[],https://twitter.com/GreeneNYHealth/status/953327182780289026,False,,0,,,,,,,,[],,,,
951551392807833600,951551392807833600,2018-01-11 15:28:25 Eastern Standard Time,2018-01-11,15:28:25,-0500,2463663026,greenenyhealth,Greene County Public Health Department,,Time hasn't run out yet...get your #flu shot today! #FightFlu  https://t.co/XgwzFVD3tN,en,[],['https://twitter.com/HealthNYGov/status/951548032314732546'],[],0,0,0,"['flu', 'fightflu']",[],https://twitter.com/GreeneNYHealth/status/951551392807833600,False,https://twitter.com/HealthNYGov/status/951548032314732546,0,,,,,,,,[],,,,
951194429460762626,951194429460762626,2018-01-10 15:49:58 Eastern Standard Time,2018-01-10,15:49:58,-0500,2463663026,greenenyhealth,Greene County Public Health Department,,"For the 9 million kids who rely on CHIP for healthcare, Congress must act now to fund CHIP for 5 years! #SaveCHIP",en,[],[],[],0,0,0,['savechip'],[],https://twitter.com/GreeneNYHealth/status/951194429460762626,False,,0,,,,,,,,[],,,,
935210362508595205,935210362508595205,2017-11-27 13:15:00 Eastern Standard Time,2017-11-27,13:15:00,-0500,2463663026,greenenyhealth,Greene County Public Health Department,,#EndViolenceAgainstWomen  https://t.co/eLLQhxFiad,und,[],['https://twitter.com/WHO/status/935151339868491777'],[],0,0,0,['endviolenceagainstwomen'],[],https://twitter.com/GreeneNYHealth/status/935210362508595205,False,https://twitter.com/WHO/status/935151339868491777,0,,,,,,,,[],,,,
930452257698713600,930452257698713600,2017-11-14 10:07:59 Eastern Standard Time,2017-11-14,10:07:59,-0500,2463663026,greenenyhealth,Greene County Public Health Department,,Happy #NPWeek to our 3 awesome nurse practitioners who provide high-quality #healthcare to residents of #GreeneCountyNY and the surrounding areas!  https://t.co/SGXUxCSwU5,en,[],[],['https://pbs.twimg.com/media/DOmhPX_XUAEYi5w.jpg'],0,5,8,"['npweek', 'healthcare', 'greenecountyny']",[],https://twitter.com/GreeneNYHealth/status/930452257698713600,False,,1,https://pbs.twimg.com/media/DOmhPX_XUAEYi5w.jpg,,,,,,,[],,,,
925736330390319104,925736330390319104,2017-11-01 10:48:35 Eastern Daylight Time,2017-11-01,10:48:35,-0500,2463663026,greenenyhealth,Greene County Public Health Department,,Open enrollment for health insurance starts TODAY and ends December 15th. #GetCovered,en,[],[],[],0,0,0,['getcovered'],[],https://twitter.com/GreeneNYHealth/status/925736330390319104,False,,0,,,,,,,,[],,,,
921366209538510848,921366209538510848,2017-10-20 09:23:17 Eastern Daylight Time,2017-10-20,09:23:17,-0500,2463663026,greenenyhealth,Greene County Public Health Department,,Time to get #vaccinated for the #flu. (via @MayoClinic)  https://t.co/pmhKz5kU9O,en,"[{'screen_name': 'mayoclinic', 'name': 'mayo clinic', 'id': '14592723'}]",['https://youtu.be/Klq3TOfvLyQ'],[],0,0,0,"['vaccinated', 'flu']",[],https://twitter.com/GreeneNYHealth/status/921366209538510848,False,,0,,,,,,,,[],,,,
918214045479653379,918214045479653379,2017-10-11 16:37:42 Eastern Daylight Time,2017-10-11,16:37:42,-0500,2463663026,greenenyhealth,Greene County Public Health Department,,#DayoftheGirl  https://t.co/EJPw9HmD6h,und,[],[],['https://pbs.twimg.com/media/DL4mtYdVoAAOU0d.jpg'],0,1,2,['dayofthegirl'],[],https://twitter.com/GreeneNYHealth/status/918214045479653379,False,,1,https://pbs.twimg.com/media/DL4mtYdVoAAOU0d.jpg,,,,,,,[],,,,
915297609132240897,915297609132240897,2017-10-03 15:28:50 Eastern Daylight Time,2017-10-03,15:28:50,-0500,2463663026,greenenyhealth,Greene County Public Health Department,,Learn the difference between #cardiacarrest and a #heartattack.  https://t.co/HjahlDBMvI,en,[],[],['https://pbs.twimg.com/media/DLPKLaNXcAAKp8f.jpg'],0,0,1,"['cardiacarrest', 'heartattack']",[],https://twitter.com/GreeneNYHealth/status/915297609132240897,False,,1,https://pbs.twimg.com/media/DLPKLaNXcAAKp8f.jpg,,,,,,,[],,,,
902974215594414082,902974215594414082,2017-08-30 15:20:04 Eastern Daylight Time,2017-08-30,15:20:04,-0500,2463663026,greenenyhealth,Greene County Public Health Department,,Our safe #sharps program is up 288 lbs from last year this month! WOW! Great job #GreeneCounty!,en,[],[],[],0,0,1,"['sharps', 'greenecounty']",[],https://twitter.com/GreeneNYHealth/status/902974215594414082,False,,0,,,,,,,,[],,,,
890600038879162369,890600038879162369,2017-07-27 11:49:30 Eastern Daylight Time,2017-07-27,11:49:30,-0500,2463663026,greenenyhealth,Greene County Public Health Department,,Greene County Youth Fair 2017  https://t.co/IZTvg7zPwt,en,[],[],['https://pbs.twimg.com/media/DFwMAb2WAAAP6RN.jpg'],0,0,0,[],[],https://twitter.com/GreeneNYHealth/status/890600038879162369,False,,1,https://pbs.twimg.com/media/DFwMAb2WAAAP6RN.jpg,,,,,,,[],,,,
885869060151541760,885869060151541760,2017-07-14 10:30:17 Eastern Daylight Time,2017-07-14,10:30:17,-0500,2463663026,greenenyhealth,Greene County Public Health Department,, https://t.co/IIOrODrMpG,und,[],['http://news10.com/2017/07/12/nys-department-of-health-saratoga-county-resident-dies-after-contracting-tick-borne-illness/'],[],0,1,0,[],[],https://twitter.com/GreeneNYHealth/status/885869060151541760,False,,0,,,,,,,,[],,,,
875344693315461120,875344693315461120,2017-06-15 09:30:12 Eastern Daylight Time,2017-06-15,09:30:12,-0500,2463663026,greenenyhealth,Greene County Public Health Department,,"Prevention improves health, saves lives &amp; money. Click to tell your members of Congress to #ProtectPrevention:  https://t.co/Um2jcMYaas  https://t.co/6Lha9D6iE0",en,[],['http://thndr.me/erusdA'],['https://pbs.twimg.com/media/DCXZW-bXUAInT2O.jpg'],0,0,0,['protectprevention'],[],https://twitter.com/GreeneNYHealth/status/875344693315461120,False,,1,https://pbs.twimg.com/media/DCXZW-bXUAInT2O.jpg,,,,,,,[],,,,
867809594332106752,867809594332106752,2017-05-25 14:28:25 Eastern Daylight Time,2017-05-25,14:28:25,-0500,2463663026,greenenyhealth,Greene County Public Health Department,,@GreeneNYHealth supports #RedNoseDay to help end child poverty!  https://t.co/KMHGI672zK,en,[],[],['https://pbs.twimg.com/media/DAsUHdJXUAIU4Xi.jpg'],0,0,0,['rednoseday'],[],https://twitter.com/GreeneNYHealth/status/867809594332106752,False,,1,https://pbs.twimg.com/media/DAsUHdJXUAIU4Xi.jpg,,,,,,,[],,,,
862042602073448448,862042602073448448,2017-05-09 16:32:26 Eastern Daylight Time,2017-05-09,16:32:26,-0500,2463663026,greenenyhealth,Greene County Public Health Department,,Happy Nurse's Week to our wonderful nurses and to all others who care for us!  https://t.co/fHFS5GgIvC,en,[],[],['https://pbs.twimg.com/media/C_aXEpwXgAAEk4D.jpg'],0,0,0,[],[],https://twitter.com/GreeneNYHealth/status/862042602073448448,False,,1,https://pbs.twimg.com/media/C_aXEpwXgAAEk4D.jpg,,,,,,,[],,,,
